{"stats":{"minecraft:custom":{"minecraft:interact_with_crafting_table":92,"minecraft:leave_game":5,"minecraft:time_since_death":110086,"minecraft:sprint_one_cm":35328,"minecraft:walk_one_cm":435041,"minecraft:drop":1,"minecraft:talked_to_villager":4,"minecraft:play_time":301953,"minecraft:deaths":1,"minecraft:sneak_time":33301,"minecraft:jump":852,"minecraft:walk_on_water_one_cm":302,"minecraft:total_world_time":301953,"minecraft:interact_with_furnace":39,"minecraft:sleep_in_bed":14,"minecraft:time_since_rest":11670,"minecraft:damage_taken":500,"minecraft:damage_dealt":222,"minecraft:fly_one_cm":22248,"minecraft:open_chest":291,"minecraft:crouch_one_cm":92655,"minecraft:fall_one_cm":10621},"minecraft:crafted":{"minecraft:coarse_dirt":9,"minecraft:oak_planks":157,"minecraft:stone_shovel":1,"functionalstorage:simple_compacting_drawer":1,"minecraft:barrel":2,"minecraft:cobbled_deepslate":4,"minecraft:furnace":1,"minecraft:piston":1,"minecraft:stone":15,"exdeorum:unfired_porcelain_crucible":1,"allthecompressed:cobblestone_1x":28,"allthecompressed:gravel_1x":21,"minecraft:granite":3,"minecraft:basalt":5,"minecraft:glass":1,"exdeorum:string_mesh":25,"allthecompressed:sand_1x":16,"minecraft:stone_pickaxe":1,"minecraft:chest":14,"exdeorum:stone_hammer":20,"exdeorum:iron_mesh":8,"exdeorum:porcelain_crucible":1,"dankstorage:dank_1":2,"cobblefordays:tier_2":1,"minecraft:oak_slab":13,"exdeorum:oak_barrel":11,"minecraft:crafting_table":2,"pickletweaks:flint_shears":1,"minecraft:wooden_pickaxe":1,"minecraft:copper_ingot":6,"minecraft:copper_ore":6,"exdeorum:compressed_stone_hammer":2,"minecraft:bucket":2,"functionalstorage:oak_2":2,"minecraft:stone_axe":2,"minecraft:diorite":4,"minecraft:air":1521,"cobblefordays:tier_1":1,"exdeorum:crook":7,"exdeorum:oak_crucible":2,"exdeorum:porcelain_clay_ball":8,"minecraft:white_wool":16,"minecraft:charcoal":8,"minecraft:cobblestone":439,"exdeorum:flint_mesh":25,"minecraft:stick":22,"minecraft:iron_ingot":40,"minecraft:blackstone":5,"minecraft:iron_ore":61,"exdeorum:oak_sieve":25,"minecraft:white_bed":1,"minecraft:andesite":5},"minecraft:used":{"minecraft:stone_shovel":5,"minecraft:chest":18,"exdeorum:crook":896,"allthecompressed:cobblestone_1x":223,"minecraft:stick":1,"minecraft:torch":5,"minecraft:dirt":68,"plonk:placed_items":4,"cobblefordays:tier_2":1,"exdeorum:silk_worm":3,"minecraft:granite":3,"functionalstorage:simple_compacting_drawer":5,"minecraft:wooden_axe":80,"minecraft:lava_bucket":1,"exdeorum:crushed_deepslate":4,"exdeorum:porcelain_crucible":1,"minecraft:basalt":1,"cobblefordays:tier_1":1,"exdeorum:stone_hammer":277,"minecraft:furnace":1,"minecraft:oak_sapling":68,"minecraft:cobbled_deepslate":4,"minecraft:pointed_dripstone":1,"exdeorum:oak_sieve":26,"minecraft:water_bucket":4,"minecraft:diorite":4,"minecraft:stone_pickaxe":8,"minecraft:oak_planks":219,"minecraft:blackstone":1,"minecraft:wooden_pickaxe":10,"minecraft:clay":3,"minecraft:sand":36,"minecraft:crafting_table":4,"exdeorum:crushed_blackstone":2,"minecraft:white_bed":1,"exdeorum:dust":114,"minecraft:wooden_hoe":44,"exdeorum:oak_barrel":11,"minecraft:apple":6,"allthecompressed:sand_1x":17,"allthecompressed:gravel_1x":22,"minecraft:gravel":1988,"minecraft:stone_axe":8,"minecraft:wooden_sword":9,"exdeorum:oak_crucible":2,"minecraft:cobblestone":194,"minecraft:bucket":3,"minecraft:andesite":5,"exdeorum:compressed_stone_hammer":258,"minecraft:coarse_dirt":24},"minecraft:dropped":{"minecraft:dead_bush":1},"minecraft:picked_up":{"exdeorum:gold_ore_chunk":75,"minecraft:crafting_table":3,"exdeorum:dust":168,"minecraft:clay_ball":12,"exdeorum:iron_ore_chunk":246,"exdeorum:oak_barrel":2,"exdeorum:blackstone_pebble":281,"exdeorum:grass_seeds":5,"minecraft:string":294,"exdeorum:string_mesh":10,"exdeorum:granite_pebble":266,"cobblefordays:tier_1":1,"exdeorum:zinc_ore_chunk":94,"minecraft:iron_nugget":4,"minecraft:sugar_cane":3,"minecraft:chest":7,"xycraft_world:xychorium_gem_green":2,"minecraft:stick":179,"minecraft:torch":6,"minecraft:pointed_dripstone":238,"minecraft:carrot":8,"minecraft:redstone":10,"exdeorum:silk_worm":13,"xycraft_world:xychorium_gem_blue":4,"minecraft:beetroot_seeds":3,"ae2:certus_quartz_dust":7,"exdeorum:diorite_pebble":276,"exdeorum:tin_ore_chunk":143,"exdeorum:andesite_pebble":267,"exdeorum:crushed_deepslate":4,"minecraft:blaze_powder":3,"minecraft:cobblestone":1035,"exdeorum:osmium_ore_chunk":87,"exdeorum:random_pottery_sherd":1,"exdeorum:basalt_pebble":283,"enderio:grains_of_infinity":4,"minecraft:potato":5,"minecraft:flint":494,"minecraft:oak_log":331,"minecraft:gunpowder":9,"minecraft:lapis_lazuli":99,"exdeorum:nickel_ore_chunk":110,"minecraft:dirt":82,"ae2:sky_dust":11,"minecraft:apple":16,"minecraft:wheat_seeds":4,"exdeorum:oak_sieve":1,"exdeorum:stone_pebble":1910,"minecraft:glowstone_dust":9,"minecraft:oak_planks":13,"functionalstorage:simple_compacting_drawer":4,"dankstorage:dank_1":3,"exdeorum:crushed_blackstone":2,"exdeorum:deepslate_pebble":279,"exdeorum:lead_ore_chunk":109,"xycraft_world:xychorium_gem_red":3,"minecraft:poisonous_potato":1,"exdeorum:flint_mesh":8,"minecraft:gravel":2187,"minecraft:sand":203,"minecraft:amethyst_shard":38,"minecraft:dead_bush":2,"exdeorum:silver_ore_chunk":96,"xycraft_world:xychorium_gem_dark":1,"xycraft_world:xychorium_gem_light":2,"minecraft:pumpkin_seeds":6,"minecraft:clay":9,"exdeorum:aluminum_ore_chunk":96,"exdeorum:uranium_ore_chunk":1,"minecraft:bone_meal":14,"exdeorum:copper_ore_chunk":226,"minecraft:emerald":3,"minecraft:oak_sapling":134,"minecraft:melon_seeds":2,"minecraft:coal":249,"minecraft:oak_leaves":17},"minecraft:broken":{"minecraft:stone_axe":1,"exdeorum:crook":7},"minecraft:killed_by":{"minecraft:phantom":1},"minecraft:mined":{"minecraft:oak_sapling":2,"minecraft:farmland":4,"minecraft:granite":3,"minecraft:grass_block":27,"exdeorum:crushed_blackstone":1,"cobblefordays:tier_1":1,"allthecompressed:sand_1x":17,"minecraft:cobbled_deepslate":4,"minecraft:andesite":5,"functionalstorage:simple_compacting_drawer":4,"minecraft:pointed_dripstone":1,"supplementaries:stick":1,"exdeorum:oak_sieve":1,"minecraft:blackstone":1,"exdeorum:infested_leaves":613,"minecraft:crafting_table":3,"minecraft:clay":3,"minecraft:torch":2,"allthecompressed:gravel_1x":22,"minecraft:chest":7,"minecraft:cobblestone":250,"minecraft:oak_planks":23,"minecraft:diorite":4,"minecraft:oak_log":17,"exdeorum:oak_barrel":2,"minecraft:gravel":9,"minecraft:sand":15,"minecraft:dirt":51,"allthecompressed:cobblestone_1x":219,"minecraft:oak_leaves":340}},"DataVersion":3465}