{"stats":{"minecraft:custom":{"minecraft:mob_kills":4,"minecraft:interact_with_crafting_table":66,"minecraft:open_barrel":1,"minecraft:leave_game":3,"minecraft:time_since_death":480540,"minecraft:climb_one_cm":523,"minecraft:sprint_one_cm":67878,"minecraft:walk_one_cm":415328,"minecraft:drop":61,"minecraft:talked_to_villager":3,"minecraft:play_time":480540,"minecraft:sneak_time":26059,"minecraft:jump":6272,"minecraft:walk_on_water_one_cm":442,"minecraft:total_world_time":480540,"minecraft:interact_with_furnace":128,"minecraft:sleep_in_bed":9,"minecraft:time_since_rest":29732,"minecraft:damage_taken":775,"minecraft:damage_dealt":1111,"minecraft:fly_one_cm":61573,"minecraft:open_chest":372,"minecraft:crouch_one_cm":103558,"tombstone:undead_killed":1,"tombstone:villager_killed":1,"minecraft:fall_one_cm":126181},"minecraft:crafted":{"minecraft:oak_planks":200,"minecraft:stone_shovel":3,"functionalstorage:simple_compacting_drawer":1,"exdeorum:iron_hammer":2,"alltheores:aluminum_ingot":4,"minecraft:cobbled_deepslate":222,"alltheores:lead_ingot":4,"minecraft:furnace":6,"alltheores:silver_ore":6,"minecraft:piston":1,"minecraft:stone":24,"alltheores:uranium_ore":1,"exdeorum:unfired_porcelain_crucible":3,"allthecompressed:cobblestone_1x":16,"alltheores:osmium_ore":4,"allthecompressed:gravel_1x":71,"minecraft:granite":183,"alltheores:tin_ingot":4,"minecraft:basalt":180,"alltheores:uranium_ingot":1,"minecraft:glass":66,"alltheores:tin_ore":4,"alltheores:silver_ingot":6,"alltheores:aluminum_ore":4,"alltheores:zinc_ingot":2,"alltheores:nickel_ore":6,"exdeorum:string_mesh":6,"allthecompressed:sand_1x":47,"allthecompressed:andesite_1x":7,"allthecompressed:diorite_1x":19,"minecraft:chest":29,"alltheores:platinum_ore":1,"exdeorum:stone_hammer":29,"exdeorum:iron_mesh":1,"alltheores:platinum_ingot":1,"exdeorum:porcelain_crucible":3,"cobblefordays:tier_2":2,"exdeorum:golden_mesh":1,"exdeorum:stone_barrel":1,"minecraft:oak_slab":78,"allthecompressed:granite_1x":7,"alltheores:osmium_ingot":4,"exdeorum:oak_barrel":18,"minecraft:crafting_table":1,"alltheores:zinc_ore":2,"alltheores:nickel_ingot":6,"minecraft:gold_ore":7,"pickletweaks:flint_shears":1,"functionalstorage:oak_2":2,"minecraft:copper_ingot":10,"exdeorum:compressed_stone_hammer":3,"minecraft:copper_ore":10,"minecraft:bucket":2,"minecraft:campfire":3,"minecraft:stone_axe":3,"minecraft:diorite":173,"minecraft:air":3093,"cobblefordays:tier_1":3,"alltheores:lead_ore":4,"exdeorum:crook":4,"exdeorum:oak_crucible":10,"exdeorum:porcelain_clay_ball":24,"minecraft:white_wool":3,"minecraft:charcoal":15,"minecraft:cobblestone":1150,"exdeorum:flint_mesh":1,"minecraft:stick":60,"minecraft:stone_slab":6,"minecraft:iron_pickaxe":1,"minecraft:iron_ingot":19,"minecraft:blackstone":267,"minecraft:wooden_axe":2,"minecraft:iron_ore":17,"minecraft:gold_ingot":23,"exdeorum:oak_sieve":19,"minecraft:white_bed":1,"exdeorum:dust":21,"allthecompressed:blackstone_1x":15,"minecraft:andesite":194,"exdeorum:compressed_dust":21,"minecraft:suspicious_gravel":17,"minecraft:coarse_dirt":6},"minecraft:used":{"minecraft:stone_shovel":85,"allthecompressed:blackstone_1x":15,"minecraft:chest":16,"minecraft:iron_sword":2,"exdeorum:crook":407,"allthecompressed:cobblestone_1x":16,"minecraft:torch":22,"exdeorum:witch_water_bucket":2,"minecraft:dirt":138,"cobblefordays:tier_2":2,"exdeorum:silk_worm":5,"functionalstorage:simple_compacting_drawer":1,"minecraft:wooden_axe":145,"exdeorum:crushed_deepslate":128,"exdeorum:porcelain_crucible":4,"allthecompressed:diorite_1x":19,"minecraft:basalt":76,"cobblefordays:tier_1":2,"exdeorum:stone_hammer":647,"minecraft:oak_sapling":60,"minecraft:furnace":6,"minecraft:cooked_beef":12,"minecraft:cobbled_deepslate":128,"exdeorum:oak_sieve":31,"minecraft:water_bucket":4,"minecraft:blackstone":123,"allthecompressed:andesite_1x":7,"minecraft:clay":6,"minecraft:oak_leaves":51,"minecraft:sand":146,"exdeorum:iron_hammer":348,"minecraft:crafting_table":3,"exdeorum:crushed_blackstone":266,"minecraft:campfire":3,"minecraft:white_bed":2,"exdeorum:stone_barrel":1,"exdeorum:compressed_dust":21,"exdeorum:dust":426,"minecraft:oak_log":3,"exdeorum:grass_seeds":3,"minecraft:wooden_hoe":12,"exdeorum:oak_barrel":20,"minecraft:apple":3,"allthecompressed:granite_1x":7,"allthecompressed:sand_1x":49,"minecraft:iron_pickaxe":75,"allthecompressed:gravel_1x":73,"minecraft:gravel":409,"minecraft:stone_axe":24,"exdeorum:oak_crucible":10,"minecraft:cobblestone":1301,"minecraft:bucket":4,"exdeorum:compressed_stone_hammer":209,"minecraft:coarse_dirt":12,"exdeorum:mycelium_spores":2},"minecraft:dropped":{"exdeorum:basalt_pebble":2,"minecraft:clay":2,"minecraft:iron_sword":1,"minecraft:wheat_seeds":1,"minecraft:oak_log":4,"exdeorum:deepslate_pebble":3,"allthecompressed:cobblestone_1x":21,"tombstone:christmas_gift":1,"minecraft:cobblestone":80,"minecraft:leather":1,"minecraft:granite":6,"ironfurnaces:upgrade_iron":1,"minecraft:copper_ingot":4,"minecraft:lava_bucket":1,"minecraft:ice":1,"minecraft:diorite":5,"croptopia:scrambled_eggs":1,"alltheores:copper_ore_hammer":1,"minecraft:dead_bush":5,"minecraft:bone_meal":55,"minecraft:cactus":1,"exdeorum:stone_pebble":3,"minecraft:white_wool":1,"minecraft:bone":1,"xycraft_world:xychorium_storage_dark":5,"xycraft_world:xychorium_storage_light":5,"minecraft:blackstone":7,"minecraft:sugar_cane":1,"croptopia:toast":7,"minecraft:cobbled_deepslate":37,"minecraft:wheat":1,"powah:book":1,"xycraft_world:xychorium_storage_red":5,"xycraft_world:xychorium_storage_blue":5,"supplementaries:pedestal":1,"tombstone:villager_gift":1,"xycraft_world:xychorium_storage_green":5,"minecraft:carrot":5,"mekanism:alloy_infused":1,"functionalstorage:oak_1":3,"minecraft:andesite":9,"minecraft:oak_sapling":2,"exdeorum:diorite_pebble":3,"minecraft:barrel":1,"minecraft:basalt":6,"exdeorum:andesite_pebble":1,"powah:wrench":1},"minecraft:picked_up":{"croptopia:toast":7,"exdeorum:gold_ore_chunk":38,"functionalstorage:oak_1":3,"minecraft:crafting_table":2,"exdeorum:mycelium_spores":2,"minecraft:wheat":1,"exdeorum:dust":443,"minecraft:prismarine_shard":7,"minecraft:clay_ball":26,"minecraft:lead":2,"thermal:cinnabar":13,"mekanism:alloy_infused":1,"exdeorum:iron_ore_chunk":69,"xycraft_world:xychorium_storage_green":5,"exdeorum:oak_barrel":2,"exdeorum:blackstone_pebble":1484,"exdeorum:grass_seeds":3,"minecraft:string":71,"exdeorum:granite_pebble":742,"exdeorum:string_mesh":2,"exdeorum:golden_mesh":1,"minecraft:blackstone":7,"thermal:sulfur":21,"minecraft:sea_pickle":5,"mysticalagriculture:inferium_essence":1,"cobblefordays:tier_1":1,"minecraft:cobbled_deepslate":37,"exdeorum:iron_mesh":1,"exdeorum:random_armor_trim":3,"exdeorum:zinc_ore_chunk":18,"minecraft:iron_nugget":19,"minecraft:sugar_cane":3,"minecraft:chest":6,"minecraft:stick":63,"exdeorum:oak_crucible":2,"exdeorum:compressed_dust":21,"exdeorum:platinum_ore_chunk":6,"exdeorum:porcelain_crucible":1,"minecraft:copper_ingot":4,"minecraft:torch":26,"powah:book":1,"minecraft:diorite":5,"minecraft:carrot":12,"minecraft:redstone":48,"minecraft:prismarine_crystals":8,"minecraft:black_dye":16,"thermal:apatite":24,"exdeorum:silk_worm":5,"minecraft:cactus":15,"minecraft:stone_shovel":2,"minecraft:rotten_flesh":2,"powah:wrench":1,"minecraft:beetroot_seeds":2,"ae2:certus_quartz_dust":28,"exdeorum:diorite_pebble":703,"xycraft_world:xychorium_storage_light":5,"exdeorum:tin_ore_chunk":31,"everlastingabilities:ability_bottle":1,"exdeorum:andesite_pebble":784,"exdeorum:crushed_deepslate":128,"minecraft:white_wool":1,"minecraft:blaze_powder":19,"minecraft:cobblestone":766,"exdeorum:osmium_ore_chunk":26,"exdeorum:basalt_pebble":1154,"minecraft:basalt":8,"minecraft:magma_cream":30,"minecraft:andesite":9,"minecraft:leather":2,"enderio:grains_of_infinity":38,"forcecraft:force_gem":33,"minecraft:potato":7,"minecraft:ice":1,"minecraft:flint":99,"minecraft:oak_log":333,"minecraft:ancient_debris":11,"minecraft:gunpowder":78,"ae2:charged_certus_quartz_crystal":2,"minecraft:lapis_lazuli":28,"exdeorum:nickel_ore_chunk":37,"minecraft:dirt":134,"mekanism:salt":53,"ae2:sky_dust":33,"xycraft_world:xychorium_storage_dark":5,"minecraft:apple":13,"minecraft:kelp":7,"minecraft:wheat_seeds":6,"minecraft:raw_gold":20,"exdeorum:stone_pebble":4600,"exdeorum:oak_sieve":12,"minecraft:bamboo":1,"minecraft:glowstone_dust":53,"minecraft:soul_sand":6,"exdeorum:crushed_blackstone":266,"exdeorum:deepslate_pebble":1031,"exdeorum:lead_ore_chunk":31,"ae2:certus_quartz_crystal":8,"minecraft:poisonous_potato":1,"minecraft:gravel":1123,"minecraft:lava_bucket":1,"minecraft:sand":676,"minecraft:amethyst_shard":35,"minecraft:white_bed":1,"minecraft:dead_bush":10,"exdeorum:silver_ore_chunk":35,"minecraft:barrel":1,"xycraft_world:xychorium_storage_red":5,"minecraft:pumpkin_seeds":4,"minecraft:clay":41,"exdeorum:aluminum_ore_chunk":21,"minecraft:diamond":10,"mekanism:fluorite_gem":10,"minecraft:granite":6,"exdeorum:uranium_ore_chunk":4,"minecraft:bone_meal":110,"exdeorum:copper_ore_chunk":54,"minecraft:emerald":5,"minecraft:oak_sapling":117,"xycraft_world:xychorium_storage_blue":5,"minecraft:melon_seeds":4,"minecraft:coal":78,"minecraft:oak_leaves":89,"alltheores:copper_ore_hammer":1},"minecraft:broken":{"minecraft:stone_axe":1,"exdeorum:crook":3},"minecraft:killed":{"minecraft:wandering_trader":1,"minecraft:trader_llama":2,"minecraft:zombie":1},"minecraft:mined":{"allthecompressed:blackstone_1x":15,"exdeorum:oak_crucible":2,"minecraft:white_bed":1,"minecraft:oak_sapling":1,"minecraft:grass_block":26,"exdeorum:crushed_blackstone":8,"cobblefordays:tier_1":2,"allthecompressed:sand_1x":49,"allthecompressed:diorite_1x":19,"minecraft:cobbled_deepslate":128,"allthecompressed:andesite_1x":7,"exdeorum:oak_sieve":12,"exdeorum:porcelain_crucible":1,"minecraft:blackstone":123,"exdeorum:infested_leaves":168,"minecraft:basalt":2,"minecraft:crafting_table":2,"minecraft:clay":6,"minecraft:torch":12,"allthecompressed:gravel_1x":73,"minecraft:chest":7,"minecraft:cobblestone":745,"exdeorum:compressed_dust":21,"exdeorum:dust":2,"allthecompressed:granite_1x":7,"minecraft:oak_log":91,"exdeorum:oak_barrel":1,"minecraft:gravel":19,"minecraft:sand":10,"minecraft:dirt":118,"allthecompressed:cobblestone_1x":16,"minecraft:oak_leaves":376}},"DataVersion":3465}