{"stats":{"minecraft:custom":{"minecraft:interact_with_crafting_table":208,"minecraft:open_barrel":71,"minecraft:leave_game":5,"minecraft:time_since_death":475671,"minecraft:sprint_one_cm":44320,"minecraft:drop":31,"minecraft:talked_to_villager":3,"minecraft:play_time":520391,"minecraft:deaths":1,"minecraft:jump":1144,"minecraft:interact_with_furnace":122,"minecraft:sleep_in_bed":6,"minecraft:damage_dealt":1816,"minecraft:crouch_one_cm":87425,"tombstone:villager_killed":2,"minecraft:mob_kills":6,"minecraft:damage_dealt_resisted":0,"minecraft:walk_one_cm":794757,"minecraft:sneak_time":34202,"minecraft:total_world_time":520391,"minecraft:time_since_rest":80314,"minecraft:damage_taken":12244,"minecraft:fly_one_cm":26016,"minecraft:open_chest":607,"minecraft:fall_one_cm":280974},"minecraft:crafted":{"functionalstorage:compacting_drawer":1,"minecraft:smooth_stone":0,"minecraft:oak_planks":147,"minecraft:barrel":1,"alltheores:lead_ingot":0,"sophisticatedstorage:gold_chest":1,"alltheores:copper_dust":69,"alltheores:silver_ore":3,"ironfurnaces:iron_furnace":1,"croptopia:toast":7,"minecraft:stone":13,"alltheores:uranium_ore":1,"exdeorum:unfired_porcelain_crucible":1,"minecraft:lever":1,"minecraft:diamond_shovel":1,"allthecompressed:cobbled_deepslate_1x":5,"alltheores:osmium_ore":2,"minecraft:iron_bars":16,"minecraft:green_dye":2,"minecraft:granite":85,"minecraft:glass":1,"minecraft:hopper":3,"alltheores:osmium_dust":2,"alltheores:aluminum_ore":1,"exmachinis:diamond_upgrade":1,"minecraft:cyan_terracotta":1,"allthecompressed:sand_1x":26,"minecraft:chest":17,"minecraft:copper_block":8,"exdeorum:stone_hammer":30,"mekanism:energy_tablet":2,"exdeorum:porcelain_crucible":1,"cobblefordays:tier_2":1,"minecraft:glass_bottle":3,"integrateddynamics:squeezer":1,"sophisticatedstorage:diamond_chest":1,"rftoolspower:coalgenerator":2,"minecraft:oak_slab":18,"exdeorum:oak_barrel":2,"minecraft:diamond_axe":1,"minecraft:crafting_table":1,"minecraft:gold_ore":45,"minecraft:red_wool":2,"minecraft:moss_block":7,"minecraft:copper_ingot":36,"minecraft:diorite":75,"cobblefordays:tier_1":1,"alltheores:lead_ore":1,"exdeorum:oak_crucible":1,"minecraft:wooden_hoe":9,"minecraft:yellow_dye":2,"exdeorum:flint_mesh":11,"minecraft:stick":22,"minecraft:iron_ingot":64,"minecraft:iron_pickaxe":1,"exdeorum:mechanical_hammer":1,"minecraft:iron_block":10,"minecraft:iron_ore":173,"minecraft:gold_ingot":0,"exdeorum:oak_sieve":11,"minecraft:redstone_torch":5,"exmachinis:flux_sieve":1,"minecraft:coarse_dirt":81,"minecraft:stone_shovel":2,"functionalstorage:simple_compacting_drawer":1,"mekanismgenerators:wind_generator":1,"minecraft:smooth_stone_slab":1,"rftoolsbase:machine_frame":2,"alltheores:lead_nugget":1,"alltheores:aluminum_ingot":1,"minecraft:cobbled_deepslate":109,"sophisticatedstorage:iron_chest":1,"exmachinis:gold_upgrade":4,"minecraft:furnace":6,"alltheores:gold_dust":75,"minecraft:piston":3,"exdeorum:diamond_mesh":10,"minecraft:bone_meal":1,"allthecompressed:cobblestone_1x":124,"minecraft:glass_pane":1,"allthecompressed:gravel_1x":40,"alltheores:copper_ore_hammer":4,"minecraft:terracotta":0,"minecraft:basalt":84,"alltheores:uranium_ingot":1,"exdeorum:string_mesh":12,"minecraft:stone_pickaxe":1,"exdeorum:iron_mesh":10,"dankstorage:dank_1":1,"minecraft:red_dye":0,"exdeorum:golden_mesh":10,"summoningrituals:altar":1,"alltheores:osmium_ingot":0,"minecraft:cyan_dye":3,"exdeorum:diamond_hammer":1,"mekanism:metallurgic_infuser":1,"pickletweaks:flint_shears":2,"integrateddynamics:drying_basin":1,"minecraft:bucket":3,"exdeorum:compressed_stone_hammer":20,"minecraft:copper_ore":72,"functionalstorage:oak_2":1,"minecraft:red_carpet":3,"minecraft:stone_axe":1,"minecraft:air":3214,"cobblefordays:tier_3":1,"cobblefordays:tier_5":1,"exdeorum:crook":4,"minecraft:blue_dye":8,"exdeorum:porcelain_clay_ball":8,"sophisticatedstorage:chest":1,"minecraft:white_wool":5,"minecraft:cobblestone":517,"minecraft:gold_nugget":1,"minecraft:blackstone":82,"minecraft:armor_stand":1,"minecraft:anvil":1,"alltheores:iron_dust":140,"minecraft:white_bed":1,"exmachinis:flux_hammer":1,"minecraft:andesite":78,"minecraft:torch":4,"minecraft:suspicious_gravel":1,"minecraft:clay":5,"cobblefordays:tier_4":1},"minecraft:used":{"minecraft:moss_block":7,"minecraft:gold_ingot":1,"rftoolspower:coalgenerator":2,"minecraft:chest":15,"minecraft:iron_sword":2,"allthecompressed:cobblestone_1x":632,"integrateddynamics:squeezer":2,"mekanismgenerators:wind_generator":3,"summoningrituals:altar":1,"ironfurnaces:iron_furnace":1,"minecraft:furnace":2,"minecraft:oak_sapling":36,"minecraft:diorite":74,"minecraft:stone_pickaxe":78,"minecraft:oak_planks":279,"minecraft:blackstone":77,"minecraft:diamond_axe":37,"minecraft:clay":6,"minecraft:sand":95,"minecraft:redstone_torch":1,"minecraft:lever":1,"exdeorum:oak_barrel":3,"mekanism:metallurgic_infuser":7,"minecraft:gravel":5327,"exmachinis:flux_hammer":2,"croptopia:toast":4,"exdeorum:oak_crucible":1,"minecraft:suspicious_gravel":1,"functionalstorage:oak_1":1,"minecraft:andesite":77,"exdeorum:compressed_stone_hammer":710,"exmachinis:flux_sieve":3,"minecraft:coarse_dirt":354,"minecraft:bone_meal":30,"minecraft:armor_stand":3,"minecraft:stone_shovel":258,"exdeorum:crook":513,"minecraft:stick":2,"minecraft:torch":19,"minecraft:dirt":251,"minecraft:anvil":3,"alltheores:osmium_ore":2,"exdeorum:silk_worm":6,"minecraft:granite":84,"functionalstorage:simple_compacting_drawer":1,"functionalstorage:compacting_drawer":1,"supplementaries:pedestal":1,"minecraft:wooden_axe":54,"cobblefordays:tier_5":1,"integrateddynamics:menril_sapling":2,"exdeorum:crushed_deepslate":88,"sophisticatedstorage:diamond_chest":1,"minecraft:barrel":1,"exdeorum:porcelain_crucible":1,"minecraft:basalt":19,"cobblefordays:tier_1":1,"exdeorum:stone_hammer":939,"minecraft:cobbled_deepslate":45,"exdeorum:oak_sieve":18,"minecraft:iron_ore":101,"integrateddynamics:drying_basin":1,"minecraft:gold_ore":30,"minecraft:oak_slab":2,"minecraft:crafting_table":2,"exdeorum:crushed_blackstone":79,"minecraft:white_bed":1,"minecraft:oak_log":1,"exdeorum:grass_seeds":3,"exdeorum:dust":326,"minecraft:wooden_hoe":677,"minecraft:diamond_shovel":236,"exdeorum:mechanical_hammer":2,"allthecompressed:sand_1x":28,"allthecompressed:gravel_1x":42,"minecraft:iron_pickaxe":117,"minecraft:stone_axe":100,"exdeorum:diamond_hammer":1,"allthecompressed:cobbled_deepslate_1x":5,"minecraft:cobblestone":755},"minecraft:dropped":{"exdeorum:basalt_pebble":2,"minecraft:glass_bottle":3,"exdeorum:dust":1,"exdeorum:granite_pebble":1,"minecraft:glowstone_dust":4,"minecraft:carrot":2,"minecraft:gunpowder":2,"xycraft_world:xychorium_gem_green":1,"exdeorum:deepslate_pebble":81,"allthecompressed:cobblestone_1x":30,"exdeorum:mycelium_spores":3,"minecraft:cobblestone":118,"minecraft:stick":2,"mekanism:salt":3,"exdeorum:stone_pebble":71,"minecraft:stone_shovel":2,"forcecraft:force_gem":5,"ae2:certus_quartz_dust":2,"minecraft:bamboo":1,"minecraft:stone_pickaxe":1,"exdeorum:andesite_pebble":2,"exdeorum:blackstone_pebble":2,"exdeorum:stone_hammer":1},"minecraft:picked_up":{"exdeorum:mycelium_spores":12,"minecraft:wheat":8,"exdeorum:dust":309,"minecraft:anvil":3,"minecraft:lead":4,"exdeorum:iron_ore_chunk":723,"exdeorum:grass_seeds":33,"minecraft:string":126,"minecraft:raw_copper":69,"integrateddynamics:menril_log":52,"thermal:barley_seeds":1,"minecraft:armor_stand":3,"minecraft:sea_pickle":3,"mysticalagriculture:inferium_essence":2,"cobblefordays:tier_1":1,"minecraft:cobbled_deepslate":2,"integrateddynamics:menril_sapling":2,"minecraft:redstone_torch":1,"minecraft:azalea":2,"xycraft_world:xychorium_gem_green":13,"minecraft:furnace":1,"minecraft:stick":88,"thermal:sadiroot_seeds":1,"minecraft:torch":12,"thermal:flax_seeds":1,"minecraft:black_dye":7,"minecraft:cactus":4,"thermal:corn_seeds":1,"exdeorum:tin_ore_chunk":433,"supplementaries:ash":1,"minecraft:blaze_powder":25,"minecraft:cobblestone":1197,"exdeorum:osmium_ore_chunk":240,"occultism:datura_seeds":1,"exdeorum:basalt_pebble":421,"alltheores:gold_dust":19,"minecraft:magma_cream":5,"integrateddynamics:crystalized_menril_chunk":6,"enderio:grains_of_infinity":34,"minecraft:potato":41,"minecraft:flint":804,"ars_elemental:yellow_archwood_sapling":1,"minecraft:lapis_lazuli":409,"exdeorum:nickel_ore_chunk":354,"minecraft:dirt":432,"minecraft:wheat_seeds":35,"minecraft:small_dripleaf":1,"minecraft:raw_gold":75,"minecraft:bamboo":8,"minecraft:glowstone_dust":30,"minecraft:oak_planks":6,"exdeorum:crushed_blackstone":79,"mekanism:metallurgic_infuser":6,"thermal:bell_pepper_seeds":1,"functionalstorage:compacting_drawer":1,"forbidden_arcanus:growing_edelwood":1,"xycraft_world:xychorium_gem_red":11,"exmachinis:flux_hammer":1,"minecraft:poisonous_potato":1,"minecraft:sand":456,"integrateddynamics:squeezer":2,"minecraft:mossy_cobblestone":6,"xycraft_world:xychorium_gem_dark":13,"xycraft_world:xychorium_gem_light":17,"exdeorum:diamond_mesh":16,"minecraft:clay":7,"minecraft:diamond":137,"minecraft:lever":1,"minecraft:bone_meal":28,"exdeorum:copper_ore_chunk":403,"minecraft:emerald":106,"minecraft:oak_sapling":101,"minecraft:oak_leaves":173,"exdeorum:gold_ore_chunk":322,"functionalstorage:oak_1":1,"minecraft:crafting_table":1,"minecraft:coarse_dirt":30,"minecraft:clay_ball":24,"exdeorum:oak_barrel":2,"exdeorum:blackstone_pebble":499,"minecraft:cornflower":3,"exdeorum:granite_pebble":349,"exdeorum:string_mesh":12,"exdeorum:golden_mesh":9,"integrateddynamics:menril_berries":23,"exdeorum:iron_mesh":10,"exdeorum:zinc_ore_chunk":298,"minecraft:jungle_sapling":1,"minecraft:iron_nugget":6,"allthecompressed:cobblestone_1x":30,"minecraft:sugar_cane":2,"minecraft:chest":4,"minecraft:dark_oak_sapling":1,"minecraft:raw_iron":142,"exdeorum:platinum_ore_chunk":3,"minecraft:carrot":48,"minecraft:redstone":34,"exmachinis:flux_sieve":2,"exdeorum:mechanical_hammer":2,"exdeorum:silk_worm":8,"xycraft_world:xychorium_gem_blue":15,"minecraft:beetroot_seeds":4,"ae2:certus_quartz_dust":23,"exdeorum:diorite_pebble":308,"alltheores:iron_dust":18,"exdeorum:andesite_pebble":326,"minecraft:gold_ingot":11,"alltheores:raw_osmium":2,"minecraft:glow_berries":2,"exdeorum:crushed_deepslate":88,"minecraft:oxeye_daisy":1,"minecraft:basalt":19,"minecraft:leather":3,"forcecraft:force_gem":44,"minecraft:oak_log":220,"minecraft:ancient_debris":1,"minecraft:gunpowder":43,"mekanism:salt":26,"ae2:sky_dust":35,"minecraft:apple":11,"minecraft:kelp":5,"exdeorum:oak_sieve":8,"exdeorum:stone_pebble":3006,"minecraft:spore_blossom":2,"minecraft:iron_ingot":8,"minecraft:oak_slab":2,"exdeorum:deepslate_pebble":861,"exdeorum:lead_ore_chunk":344,"thermal:strawberry_seeds":2,"minecraft:dandelion":12,"minecraft:gravel":6345,"minecraft:amethyst_shard":260,"thermal:green_bean_seeds":2,"exdeorum:silver_ore_chunk":364,"thermal:rice_seeds":1,"mekanismgenerators:wind_generator":1,"forbidden_arcanus:arcane_crystal":17,"minecraft:pumpkin_seeds":1,"exdeorum:aluminum_ore_chunk":344,"immersiveengineering:seed":18,"exdeorum:uranium_ore_chunk":4,"minecraft:melon_seeds":2,"minecraft:coal":672},"minecraft:broken":{"minecraft:stone_axe":1,"minecraft:wooden_axe":1,"exdeorum:crook":4},"minecraft:killed":{"minecraft:trader_llama":4,"minecraft:wandering_trader":2},"minecraft:mined":{"mekanismgenerators:wind_generator":2,"minecraft:oak_sapling":2,"minecraft:farmland":318,"minecraft:granite":82,"minecraft:grass_block":36,"integrateddynamics:squeezer":2,"exdeorum:crushed_blackstone":2,"integrateddynamics:menril_log":46,"minecraft:oxeye_daisy":1,"cobblefordays:tier_1":1,"allthecompressed:sand_1x":28,"minecraft:iron_ore":101,"minecraft:cobbled_deepslate":45,"minecraft:anvil":2,"supplementaries:stick":1,"minecraft:dirt_path":3,"exdeorum:oak_sieve":8,"exdeorum:mechanical_hammer":2,"minecraft:blackstone":77,"exmachinis:flux_hammer":1,"allthecompressed:cobbled_deepslate_1x":5,"minecraft:clay":6,"minecraft:torch":7,"minecraft:chest":4,"functionalstorage:compacting_drawer":1,"minecraft:cobblestone":459,"minecraft:oak_planks":9,"minecraft:wall_torch":1,"minecraft:wheat":9,"integrateddynamics:menril_log_filled":6,"minecraft:grass":69,"minecraft:oak_log":34,"exdeorum:oak_barrel":2,"minecraft:sand":56,"minecraft:dirt":82,"allthecompressed:cobblestone_1x":626,"minecraft:oak_leaves":431,"minecraft:suspicious_gravel":1,"minecraft:mossy_cobblestone":6,"alltheores:osmium_ore":2,"functionalstorage:oak_1":1,"minecraft:lever":1,"cb_multipart:multipart":1,"minecraft:furnace":1,"minecraft:andesite":77,"minecraft:oak_slab":2,"exdeorum:infested_leaves":279,"minecraft:basalt":19,"minecraft:dandelion":12,"exmachinis:flux_sieve":2,"minecraft:cornflower":3,"minecraft:crafting_table":1,"allthecompressed:gravel_1x":42,"minecraft:tall_grass":46,"mekanism:metallurgic_infuser":6,"minecraft:diorite":74,"minecraft:coarse_dirt":30,"minecraft:gravel":120,"minecraft:gold_ore":29}},"DataVersion":3465}