{"stats":{"minecraft:custom":{"minecraft:interact_with_crafting_table":536,"minecraft:open_barrel":16,"minecraft:eat_cake_slice":6,"minecraft:leave_game":5,"minecraft:time_since_death":148647,"minecraft:play_time":1028039,"minecraft:deaths":14,"minecraft:jump":3990,"minecraft:interact_with_furnace":352,"minecraft:traded_with_villager":1,"minecraft:sleep_in_bed":7,"minecraft:waystone_activated":2,"minecraft:damage_dealt":26150,"tombstone:undead_killed":65,"minecraft:horse_one_cm":451,"minecraft:inspect_dropper":3,"minecraft:inspect_hopper":10,"minecraft:sneak_time":53789,"minecraft:total_world_time":1028039,"minecraft:time_since_rest":44793,"minecraft:use_wand":311,"minecraft:fly_one_cm":1045714,"minecraft:open_chest":1703,"minecraft:fall_one_cm":756133,"minecraft:animals_bred":2,"minecraft:damage_resisted":0,"minecraft:sprint_one_cm":920600,"minecraft:drop":188,"minecraft:talked_to_villager":11,"minecraft:walk_on_water_one_cm":5079,"minecraft:crouch_one_cm":373187,"tombstone:villager_killed":1,"minecraft:mob_kills":120,"minecraft:damage_dealt_resisted":0,"minecraft:climb_one_cm":130799,"minecraft:walk_one_cm":2222082,"gateways:gates_defeated":1,"minecraft:walk_under_water_one_cm":10951,"minecraft:damage_taken":17430},"minecraft:crafted":{"pipez:basic_upgrade":4,"powah:magmator_basic":4,"pipez:wrench":1,"functionalstorage:compacting_drawer":2,"gateways:gate_pearl":2,"mob_grinding_utils:gm_chicken_feed_cursed":1,"reliquary:fertile_lily_pad":1,"alltheores:constantan_ingot":4,"pipez:improved_upgrade":4,"pipez:item_pipe":18,"projecte:alchemical_chest":1,"waystones:waystone":3,"croptopia:toast":35,"reliquary:fertile_essence":3,"minecraft:lever":26,"sophisticatedstorage:stack_upgrade_tier_1":4,"sophisticatedstorage:stack_upgrade_tier_3":1,"minecraft:iron_bars":33,"mekanism:basic_enriching_factory":2,"minecraft:glass":135,"minecraft:diamond_helmet":1,"alltheores:osmium_dust":11,"minecraft:diamond_leggings":1,"refinedstorage:grid":1,"allthecompressed:sand_1x":373,"powah:magmator_starter":4,"sophisticatedstorage:stack_upgrade_tier_4":1,"refinedstorage:processor_binding":24,"powah:energizing_rod_starter":1,"mekanism:energy_tablet":2,"refinedstorage:raw_advanced_processor":3,"minecraft:glass_bottle":5,"powah:capacitor_basic_large":2,"exdeorum:oak_barrel":8,"minecraft:gravel":220,"minecraft:copper_ingot":138,"minecraft:sticky_piston":1,"waystones:warp_stone":3,"industrialforegoing:fluid_extractor":3,"thermal:redstone_servo":1,"exdeorum:flint_mesh":25,"constructionwand:stone_wand":4,"minecraft:stone_slab":69,"projecte:medium_covalence_dust":40,"minecraft:iron_pickaxe":1,"minecraft:iron_block":10,"minecraft:gold_ingot":28,"refinedstorage:machine_casing":2,"minecraft:fire_charge":63,"alltheores:constantan_gear":1,"projecte:collector_mk1":1,"powah:capacitor_basic_tiny":6,"mekanism:basic_logistical_transporter":8,"fluxnetworks:flux_controller":1,"modularrouters:blank_module":6,"powah:dielectric_casing":13,"minecraft:iron_nugget":13,"minecraft:diamond_hoe":1,"forbidden_arcanus:rotten_leather":39,"exmachinis:gold_upgrade":4,"ironjetpacks:basic_coil":23,"allthecompressed:cobblestone_1x":589,"allthecompressed:gravel_1x":607,"alltheores:copper_ore_hammer":3,"minecraft:terracotta":13,"alltheores:tin_ore":14,"sophisticatedstorage:upgrade_base":4,"minecraft:ladder":29,"ironjetpacks:strap":1,"minecraft:ender_pearl":1,"minecraft:stone_pickaxe":2,"minecraft:diamond_boots":1,"alltheores:steel_ingot":40,"minecraft:redstone_block":47,"exdeorum:iron_mesh":8,"ironjetpacks:thruster":8,"dankstorage:dank_1":7,"minecraft:wheat":20,"powah:dielectric_paste":5,"exdeorum:golden_mesh":3,"mysticalagriculture:inferium_seeds":48,"alltheores:osmium_ingot":32,"exdeorum:diamond_hammer":1,"powah:magmator_hardened":2,"alltheores:invar_ingot":9,"ironjetpacks:advanced_coil":22,"exdeorum:compressed_stone_hammer":19,"refinedstorage:raw_improved_processor":2,"mob_grinding_utils:saw":1,"minecraft:glowstone":16,"projecte:low_covalence_dust":1,"exdeorum:crook":6,"minecraft:oak_fence_gate":1,"ironjetpacks:cell":20,"alltheores:tin_dust":11,"refinedstorage:raw_basic_processor":8,"industrialforegoing:latex_processing_unit":1,"minecraft:blackstone":1015,"exdeorum:end_cake":6,"allthecompressed:blackstone_1x":42,"powah:capacitor_basic":17,"thermal:device_rock_gen":1,"mob_grinding_utils:fan":12,"sophisticatedstorage:stack_upgrade_tier_1_plus":3,"minecraft:oak_planks":782,"minecraft:barrel":9,"modularrouters:detector_module":1,"alltheores:copper_dust":1,"minecraft:stone":97,"projecte:high_covalence_dust":40,"exdeorum:unfired_porcelain_crucible":5,"modularrouters:modular_router":4,"pipez:fluid_pipe":17,"alltheores:osmium_ore":8,"minecraft:green_dye":19,"alltheores:tin_ingot":13,"minecraft:hopper":6,"modularrouters:puller_module_1":1,"powah:energy_cable_basic":12,"minecraft:bow":3,"exmachinis:diamond_upgrade":1,"minecraft:comparator":3,"rftoolsutility:crafter1":2,"minecraft:cyan_terracotta":1,"minecraft:chest":29,"minecraft:oak_button":1,"minecraft:copper_block":17,"mekanism:basic_fluid_tank":4,"refinedstorage:pattern_grid":1,"mob_grinding_utils:absorption_hopper":1,"allthecompressed:obsidian_1x":1,"exdeorum:stone_hammer":140,"minecraft:stone_bricks":9,"minecraft:stone_hoe":7,"minecraft:ender_eye":37,"alltheores:steel_dust":56,"minecraft:oak_fence":53,"exdeorum:porcelain_crucible":5,"fluxnetworks:flux_core":24,"cobblefordays:tier_2":1,"integrateddynamics:squeezer":1,"minecraft:dropper":8,"rftoolspower:coalgenerator":1,"minecraft:oak_slab":31,"ironjetpacks:jetpack":4,"minecraft:crafting_table":11,"minecraft:gold_ore":11,"minecraft:gold_block":2,"refinedstorage:basic_processor":8,"sophisticatedbackpacks:upgrade_base":1,"cobblefordays:tier_1":1,"exdeorum:oak_crucible":1,"rftoolsutility:crafter2":1,"modularrouters:puller_module_2":1,"ironjetpacks:capacitor":4,"minecraft:paper":3,"minecraft:diamond_pickaxe":2,"minecraft:charcoal":96,"mekanism:steel_casing":7,"powah:capacitor_hardened":4,"minecraft:light_weighted_pressure_plate":3,"minecraft:stick":242,"rftoolsutility:crafter3":1,"mekanism:crusher":3,"minecraft:iron_ingot":273,"minecraft:iron_ore":125,"exdeorum:oak_sieve":26,"minecraft:redstone_torch":27,"mekanism:basic_crushing_factory":3,"projecte:condenser_mk1":1,"refinedstorage:pattern":2,"exmachinis:flux_sieve":1,"minecraft:coarse_dirt":98,"pipez:advanced_upgrade":4,"minecraft:redstone":6,"mekanism:basic_universal_cable":20,"mekanismgenerators:wind_generator":1,"rftoolsbase:machine_frame":3,"sophisticatedstorage:iron_chest":1,"minecraft:furnace":18,"alltheores:gold_dust":14,"mekanism:energized_smelter":1,"minecraft:piston":10,"exdeorum:diamond_mesh":2,"mekanism:basic_smelting_factory":1,"refinedstorage:quartz_enriched_iron":29,"minecraft:glass_pane":1,"minecraft:diamond_block":4,"refinedstorage:crafter":1,"refinedstorage:destruction_core":2,"refinedstorage:advanced_processor":2,"exdeorum:string_mesh":25,"projecte:relay_mk1":1,"minecraft:slime_ball":65,"trashcans:item_trash_can":1,"functionalstorage:oak_1":2,"powah:dielectric_rod_horizontal":26,"minecraft:sugar":12,"exdeorum:stone_barrel":1,"minecraft:diamond_sword":3,"minecraft:cyan_dye":1,"mekanism:metallurgic_infuser":1,"powah:energizing_orb":1,"pickletweaks:flint_shears":1,"pipez:energy_pipe":1,"mob_grinding_utils:spikes":2,"minecraft:iron_sword":8,"mekanism:superheating_element":1,"industrialforegoing:machine_frame_pity":4,"sophisticatedstorage:basic_to_iron_tier_upgrade":3,"ae2:silicon":64,"minecraft:copper_ore":111,"minecraft:bucket":15,"minecraft:stone_axe":2,"sophisticatedstorage:basic_to_gold_tier_upgrade":1,"minecraft:bread":148,"minecraft:air":9806,"minecraft:blue_dye":7,"exdeorum:porcelain_clay_ball":36,"powah:dielectric_rod":32,"sophisticatedstorage:chest":3,"minecraft:gold_nugget":2,"mekanism:enrichment_chamber":2,"refinedstorage:construction_core":2,"alltheores:iron_dust":131,"exmachinis:flux_hammer":1,"sophisticatedstorage:stack_upgrade_tier_2":1,"minecraft:torch":18,"cookingforblockheads:sink":2,"fluxnetworks:flux_block":5,"minecraft:clay":5,"minecraft:diamond_chestplate":1},"minecraft:used":{"minecraft:moss_block":25,"minecraft:ladder":18,"trashcans:item_trash_can":1,"allthecompressed:blackstone_1x":42,"rftoolspower:coalgenerator":1,"minecraft:chest":28,"projecte:alchemical_chest":1,"mekanism:basic_logistical_transporter":1,"fluxnetworks:flux_plug":5,"minecraft:soul_sand":16,"minecraft:acacia_sapling":4,"minecraft:lava_bucket":66,"minecraft:copper_ore":32,"mekanism:basic_crushing_factory":3,"minecraft:bow":138,"minecraft:oak_sapling":128,"minecraft:furnace":6,"minecraft:egg":1,"powah:magmator_starter":2,"minecraft:chorus_fruit":11,"minecraft:cactus":7,"minecraft:clay":24,"rftoolsutility:crafter3":2,"minecraft:sand":2,"powah:magmator_basic":4,"sophisticatedstorage:basic_to_iron_tier_upgrade":2,"sophisticatedstorage:chest":3,"minecraft:diamond_sword":466,"exdeorum:oak_crucible":2,"mob_grinding_utils:fan":16,"exmachinis:flux_sieve":4,"minecraft:acacia_log":2,"powah:energizing_orb":2,"powah:energizing_rod_starter":5,"projecte:relay_mk1":1,"exdeorum:crook":768,"minecraft:netherrack":1,"minecraft:torch":38,"exdeorum:witch_water_bucket":8,"exdeorum:unfired_porcelain_crucible":3,"minecraft:oak_fence_gate":1,"allthecompressed:netherrack_1x":75,"minecraft:barrel":1,"alltheores:tin_ore":14,"minecraft:glowstone":1,"cobblefordays:tier_1":1,"refinedstorage:crafter":1,"tombstone:gift":6,"exdeorum:oak_sieve":26,"minecraft:wheat_seeds":42,"minecraft:water_bucket":97,"minecraft:gold_ore":11,"minecraft:comparator":3,"minecraft:crafting_table":3,"refinedstorage:pattern_grid":3,"minecraft:red_bed":1,"mekanism:basic_enriching_factory":1,"exdeorum:grass_seeds":2,"minecraft:oak_log":4,"minecraft:diamond_pickaxe":998,"allthecompressed:gravel_1x":389,"allthecompressed:sand_1x":376,"minecraft:iron_pickaxe":248,"rftoolsutility:crafter1":1,"tombstone:magic_scroll":1,"mob_grinding_utils:absorption_hopper":1,"exdeorum:end_cake":6,"projecte:collector_mk1":1,"minecraft:cobblestone":1480,"sophisticatedstorage:iron_chest":3,"minecraft:dandelion":5,"projecte:condenser_mk1":2,"minecraft:diamond_hoe":2,"mekanism:basic_fluid_tank":7,"allthecompressed:cobblestone_1x":1127,"mekanism:basic_universal_cable":59,"mysticalagriculture:inferium_seeds":46,"minecraft:obsidian":2,"integrateddynamics:squeezer":1,"mekanismgenerators:wind_generator":3,"pipez:item_pipe":53,"sophisticatedstorage:basic_to_gold_tier_upgrade":1,"pylons:harvester_pylon":1,"minecraft:dropper":2,"minecraft:stone_pickaxe":121,"minecraft:oak_planks":344,"industrialforegoing:fluid_extractor":4,"minecraft:ender_pearl":18,"minecraft:end_stone":180,"minecraft:redstone_torch":3,"mekanism:superheating_element":1,"mob_grinding_utils:saw":2,"waystones:waystone":2,"minecraft:lever":20,"exdeorum:oak_barrel":17,"mekanism:crusher":9,"mekanism:metallurgic_infuser":2,"tombstone:grave_key":4,"minecraft:gravel":4477,"powah:magmator_hardened":2,"exmachinis:flux_hammer":12,"croptopia:toast":78,"mekanism:basic_smelting_factory":1,"exdeorum:compressed_stone_hammer":1997,"allthecompressed:obsidian_1x":1,"modularrouters:puller_module_2":1,"minecraft:coarse_dirt":402,"minecraft:bone_meal":28,"exdeorum:mycelium_spores":2,"modularrouters:modular_router":1,"cookingforblockheads:sink":2,"minecraft:oak_fence":37,"minecraft:netherite_sword":23,"mekanism:enrichment_chamber":1,"minecraft:redstone":1,"powah:energy_cable_basic":9,"thermal:device_rock_gen":3,"minecraft:stone_hoe":73,"gateways:gate_pearl":2,"minecraft:dirt":195,"minecraft:hopper":3,"cobblefordays:tier_2":2,"alltheores:osmium_ore":11,"exdeorum:silk_worm":9,"functionalstorage:compacting_drawer":3,"mob_grinding_utils:rotten_egg":1,"exdeorum:porcelain_crucible":6,"exdeorum:stone_hammer":18,"minecraft:cooked_beef":32,"pipez:fluid_pipe":23,"minecraft:iron_ore":124,"fluxnetworks:flux_point":6,"minecraft:glass_bottle":7,"industrialforegoing:latex_processing_unit":1,"fluxnetworks:flux_controller":1,"constructionwand:stone_wand":41,"exdeorum:stone_barrel":1,"exdeorum:dust":2306,"minecraft:wooden_hoe":111,"minecraft:apple":3,"minecraft:stone_axe":159,"minecraft:turtle_helmet":1,"minecraft:bucket":124,"pipez:energy_pipe":16},"minecraft:dropped":{"exdeorum:basalt_pebble":5,"minecraft:lapis_lazuli":28,"minecraft:crafting_table":1,"pickletweaks:flint_shears":1,"constructionwand:stone_wand":1,"everlastingabilities:ability_totem":2,"minecraft:light_weighted_pressure_plate":1,"minecraft:emerald":6,"alltheores:osmium_ingot":4,"minecraft:dirt":64,"exdeorum:dust":16,"minecraft:iron_pickaxe":1,"exdeorum:lead_ore_chunk":19,"minecraft:bone":8,"minecraft:sugar_cane":16,"minecraft:rotten_flesh":39,"minecraft:oak_planks":7,"minecraft:glowstone_dust":16,"minecraft:tipped_arrow":3,"mysticalagriculture:inferium_essence":4,"apotheosis:gem":1,"minecraft:leather_boots":2,"minecraft:leather_leggings":1,"minecraft:glass":32,"minecraft:oak_fence":2,"minecraft:cobblestone":601,"mekanismtools:refined_obsidian_leggings":1,"minecraft:coal":1,"minecraft:lava_bucket":1,"allthecompressed:sand_1x":2,"minecraft:chainmail_leggings":1,"minecraft:string":13,"modularrouters:blank_module":5,"pipez:item_pipe":13,"pipez:energy_pipe":16,"exdeorum:aluminum_ore_chunk":13,"minecraft:diamond_pickaxe":2,"minecraft:spider_eye":3,"minecraft:bow":13,"exdeorum:blackstone_pebble":8,"modularrouters:puller_module_2":1,"minecraft:oak_log":6,"allthecompressed:gravel_1x":1,"minecraft:flint":1,"exdeorum:compressed_stone_hammer":13,"minecraft:gold_ingot":19,"minecraft:gravel":858,"minecraft:cherry_sapling":16,"minecraft:carrot":12,"minecraft:leather_chestplate":1,"supplementaries:ash":4,"minecraft:turtle_helmet":1,"minecraft:gunpowder":11,"minecraft:chest":1,"minecraft:arrow":2,"minecraft:quartz":29,"minecraft:netherrack":1,"minecraft:stone_hoe":2,"minecraft:golden_helmet":3,"minecraft:lead":1,"forcecraft:pile_of_gunpowder":4,"exdeorum:iron_ore_chunk":2,"minecraft:stick":18,"tombstone:grave_dust":11,"minecraft:iron_leggings":2,"exdeorum:stone_pebble":1,"minecraft:bucket":1,"minecraft:redstone_block":1,"minecraft:redstone":64,"alltheores:iron_dust":24,"minecraft:copper_ore":6,"minecraft:oak_button":1,"minecraft:oak_sapling":16,"minecraft:slime_ball":15,"exdeorum:stone_hammer":3},"minecraft:picked_up":{"exdeorum:dust":3360,"minecraft:lead":3,"projecte:condenser_mk1":1,"exdeorum:iron_ore_chunk":502,"exdeorum:grass_seeds":3,"minecraft:string":365,"pipez:energy_pipe":32,"minecraft:beetroot":32,"mysticalagriculture:inferium_essence":34,"mekanism:basic_universal_cable":16,"mekanism:basic_logistical_transporter":1,"minecraft:golden_helmet":2,"exdeorum:oak_crucible":1,"powah:energizing_orb":1,"minecraft:big_dripleaf":2,"minecraft:acacia_log":45,"mysticalagriculture:prosperity_shard":626,"mob_grinding_utils:saw":1,"mob_grinding_utils:rotten_egg":1,"thermal:radish_seeds":1,"powah:magmator_basic":2,"supplementaries:ash":26,"ars_nouveau:sourceberry_bush":1,"mekanism:basic_fluid_tank":3,"minecraft:feather":4,"enderio:grains_of_infinity":158,"minecraft:flint":995,"ars_elemental:yellow_archwood_sapling":3,"exdeorum:nickel_ore_chunk":272,"pipez:fluid_pipe":3,"sophisticatedstorage:chest":1,"minecraft:glowstone_dust":180,"minecraft:moss_block":1,"mekanism:metallurgic_infuser":1,"exdeorum:crushed_blackstone":378,"silentgear:fine_silk":1,"minecraft:glow_lichen":1,"functionalstorage:compacting_drawer":1,"xycraft_world:xychorium_gem_red":109,"exmachinis:flux_hammer":11,"exdeorum:flint_mesh":13,"minecraft:barrel":3,"xycraft_world:xychorium_gem_dark":105,"minecraft:bundle":1,"thermal:device_rock_gen":2,"minecraft:lever":5,"exdeorum:copper_ore_chunk":478,"minecraft:diamond_pickaxe":1,"exdeorum:gold_ore_chunk":139,"minecraft:coarse_dirt":10,"alltheores:osmium_ingot":4,"minecraft:crafting_table":1,"minecraft:nether_wart":3,"minecraft:clay_ball":96,"minecraft:leather_leggings":1,"minecraft:red_bed":1,"powah:energizing_rod_starter":4,"minecraft:iron_shovel":1,"exdeorum:iron_mesh":6,"exdeorum:zinc_ore_chunk":164,"minecraft:iron_nugget":10,"minecraft:jungle_sapling":3,"exdeorum:compressed_stone_hammer":1,"allthecompressed:cobblestone_1x":8,"minecraft:chest":7,"minecraft:birch_sapling":19,"minecraft:egg":10,"minecraft:copper_ore":61,"pipez:item_pipe":23,"minecraft:carrot":45,"minecraft:redstone":224,"exmachinis:flux_sieve":3,"mekanism:crusher":9,"exdeorum:silk_worm":22,"minecraft:beetroot_seeds":2,"minecraft:hay_block":20,"everlastingabilities:ability_bottle":2,"alltheores:iron_dust":24,"minecraft:gold_ingot":19,"alltheores:raw_osmium":11,"minecraft:glow_berries":4,"rftoolspower:coalgenerator":1,"forcecraft:force_gem":11,"minecraft:oak_log":770,"minecraft:lily_pad":1,"minecraft:apple":63,"exdeorum:stone_pebble":104,"tombstone:bag_of_seeds":1,"minecraft:flowering_azalea":1,"rftoolsutility:crafter3":1,"allthecompressed:sand_1x":3,"exdeorum:lead_ore_chunk":229,"allthecompressed:gravel_1x":1,"minecraft:gravel":9879,"minecraft:spruce_sapling":18,"forcecraft:recovery_heart":4,"exdeorum:silver_ore_chunk":226,"minecraft:dragon_egg":1,"forbidden_arcanus:arcane_crystal":7,"minecraft:slime_ball":16,"exdeorum:aluminum_ore_chunk":237,"immersiveengineering:seed":2,"minecraft:mangrove_propagule":2,"minecraft:ender_pearl":9,"exdeorum:mycelium_spores":3,"minecraft:wheat":82,"minecraft:redstone_block":1,"projecte:alchemical_chest":1,"minecraft:raw_copper":114,"minecraft:iron_leggings":4,"alltheores:silver_ore":16,"reliquary:zombie_heart":1,"cobblefordays:tier_1":1,"minecraft:comparator":1,"minecraft:bucket":1,"minecraft:light_weighted_pressure_plate":1,"minecraft:redstone_torch":1,"minecraft:azalea":1,"minecraft:iron_pickaxe":1,"draconicevolution:draconium_dust":198,"xycraft_world:xychorium_gem_green":100,"powah:magmator_starter":2,"minecraft:stick":172,"apotheosis:gem":2,"minecraft:oak_fence":11,"minecraft:torch":12,"tombstone:grave_dust":31,"minecraft:pointed_dripstone":353,"modularrouters:blank_module":5,"fluxnetworks:flux_plug":4,"minecraft:cactus":42,"forbidden_arcanus:orb_of_temporary_flight":1,"silentgear:leather_scrap":6,"minecraft:rotten_flesh":83,"exdeorum:tin_ore_chunk":300,"occultism:datura":1,"refinedstorage:processor_binding":6,"minecraft:obsidian":179,"minecraft:blaze_powder":95,"minecraft:cobblestone":532,"exdeorum:osmium_ore_chunk":173,"occultism:datura_seeds":2,"minecraft:leather_chestplate":1,"exdeorum:basalt_pebble":1,"minecraft:potato":34,"minecraft:lapis_lazuli":227,"powah:energy_cable_basic":2,"minecraft:dirt":433,"minecraft:leather_boots":1,"alltheores:raw_tin":17,"minecraft:glass":32,"minecraft:bone":22,"minecraft:wheat_seeds":181,"minecraft:small_dripleaf":1,"minecraft:raw_gold":11,"everlastingabilities:ability_totem":4,"forcecraft:pile_of_gunpowder":11,"minecraft:bamboo":16,"alltheores:tin_ingot":13,"minecraft:oak_planks":31,"minecraft:ghast_tear":2,"minecraft:poisonous_potato":1,"minecraft:sand":3492,"exdeorum:crushed_end_stone":18,"mob_grinding_utils:fan":4,"forbidden_arcanus:ender_pearl_fragment":22,"xycraft_world:xychorium_gem_light":107,"modularrouters:modular_router":1,"minecraft:clay":43,"minecraft:diamond":14,"minecraft:slime_block":9,"minecraft:netherite_helmet":1,"cobblefordays:tier_2":1,"minecraft:bone_meal":324,"minecraft:emerald":32,"minecraft:oak_sapling":253,"minecraft:netherrack":4,"minecraft:chorus_fruit":34,"minecraft:oak_leaves":98,"fluxnetworks:flux_dust":64,"minecraft:charcoal":47,"mekanismtools:refined_obsidian_leggings":1,"refinedstorage:pattern_grid":2,"minecraft:ladder":1,"industrialforegoing:fluid_extractor":1,"exdeorum:oak_barrel":9,"farmersdelight:diamond_knife":1,"exdeorum:string_mesh":25,"exdeorum:golden_mesh":1,"minecraft:sugar_cane":34,"sophisticatedstorage:iron_chest":2,"minecraft:dark_oak_sapling":20,"minecraft:raw_iron":124,"reliquary:catalyzing_gland":1,"minecraft:end_stone":425,"exdeorum:porcelain_crucible":9,"minecraft:copper_ingot":12,"minecraft:trident":2,"tombstone:christmas_gift":1,"minecraft:arrow":9,"xycraft_world:xychorium_gem_blue":91,"exdeorum:unfired_porcelain_crucible":3,"ae2:certus_quartz_dust":171,"minecraft:saddle":1,"exdeorum:crushed_netherrack":675,"minecraft:leather":6,"tombstone:villager_gift":1,"minecraft:gunpowder":329,"productivebees:end_stone_nest":2,"draconicevolution:dragon_heart":1,"fluxnetworks:flux_point":5,"mekanism:enrichment_chamber":1,"refinedstorage:crafter":1,"mekanism:salt":15,"ae2:sky_dust":129,"exdeorum:oak_sieve":1,"minecraft:iron_ingot":1,"minecraft:soul_sand":52,"minecraft:acacia_sapling":44,"minecraft:oak_slab":6,"modularrouters:puller_module_2":1,"minecraft:quartz":33,"minecraft:dandelion":26,"minecraft:lava_bucket":1,"minecraft:amethyst_shard":105,"refinedstorage:pattern":1,"minecraft:spider_eye":8,"mekanismgenerators:wind_generator":3,"minecraft:pumpkin_seeds":2,"minecraft:chainmail_leggings":3,"minecraft:cherry_sapling":32,"tombstone:magic_scroll":1,"minecraft:coal":572},"minecraft:broken":{"constructionwand:stone_wand":2,"minecraft:stone_axe":1,"exdeorum:crook":6},"minecraft:killed":{"forcecraft:angry_enderman":2,"minecraft:skeleton":5,"minecraft:ender_dragon":1,"minecraft:zombie":57,"minecraft:husk":1,"minecraft:wandering_trader":1,"minecraft:enderman":11,"minecraft:spider":20,"minecraft:zombie_villager":2,"minecraft:creeper":9,"minecraft:trader_llama":3,"minecraft:slime":2,"forcecraft:creeper_tot":1},"minecraft:killed_by":{"minecraft:zombie_villager":1,"minecraft:zombie":1,"minecraft:ender_dragon":3,"minecraft:creeper":1,"minecraft:player":1,"minecraft:enderman":4},"minecraft:mined":{"mekanismgenerators:wind_generator":2,"mysticalagradditions:end_prosperity_ore":186,"powah:energizing_orb":1,"minecraft:obsidian":179,"minecraft:acacia_log":45,"projecte:condenser_mk1":1,"allthecompressed:sand_1x":376,"minecraft:fire":9,"pipez:fluid_pipe":3,"powah:energizing_rod_starter":3,"minecraft:red_bed":1,"pipez:energy_pipe":16,"mekanism:enrichment_chamber":1,"exmachinis:flux_hammer":11,"modularrouters:modular_router":1,"minecraft:torch":7,"functionalstorage:compacting_drawer":1,"minecraft:wheat":47,"exdeorum:dust":3,"alltheores:tin_ore":14,"minecraft:grass":2,"exdeorum:oak_barrel":9,"allthecompressed:cobblestone_1x":1127,"exdeorum:oak_crucible":1,"alltheores:osmium_ore":11,"sophisticatedstorage:iron_chest":2,"minecraft:end_stone":429,"minecraft:redstone_wire":1,"minecraft:moss_block":1,"industrialforegoing:fluid_extractor":1,"refinedstorage:pattern_grid":2,"powah:magmator_basic":2,"mekanism:crusher":9,"mob_grinding_utils:saw":1,"minecraft:comparator":1,"exdeorum:infested_leaves":660,"exmachinis:flux_sieve":3,"minecraft:copper_ore":32,"minecraft:tall_grass":12,"flowerpatch:dandelion_patch":7,"minecraft:coarse_dirt":10,"minecraft:gravel":8,"minecraft:gold_ore":11,"minecraft:oak_sapling":2,"minecraft:farmland":389,"minecraft:grass_block":31,"thermal:device_rock_gen":2,"minecraft:iron_ore":124,"exdeorum:oak_sieve":1,"powah:energy_cable_basic":2,"mob_grinding_utils:fan":4,"fluxnetworks:flux_point":5,"exdeorum:unfired_porcelain_crucible":3,"minecraft:clay":24,"minecraft:chest":7,"minecraft:cobblestone":248,"rftoolsutility:crafter3":1,"minecraft:oak_planks":40,"minecraft:wall_torch":2,"cobblefordays:tier_2":1,"minecraft:oak_log":621,"minecraft:dirt":8,"powah:magmator_starter":2,"mekanism:basic_universal_cable":16,"minecraft:oak_leaves":1536,"allthecompressed:blackstone_1x":42,"minecraft:lever":2,"projecte:alchemical_chest":1,"draconicevolution:end_draconium_ore":65,"rftoolspower:coalgenerator":1,"mekanism:basic_fluid_tank":3,"minecraft:chorus_plant":2,"exdeorum:porcelain_crucible":5,"pipez:item_pipe":15,"minecraft:oak_fence":7,"productivebees:end_stone_nest":2,"allthecompressed:gravel_1x":389,"mekanism:metallurgic_infuser":1,"allthecompressed:netherrack_1x":75,"minecraft:cactus":5,"fluxnetworks:flux_plug":4,"minecraft:redstone_torch":1,"refinedstorage:crafter":1}},"DataVersion":3465}