{"stats":{"minecraft:custom":{"minecraft:mob_kills":9,"minecraft:interact_with_crafting_table":146,"minecraft:leave_game":5,"minecraft:time_since_death":473663,"minecraft:sprint_one_cm":14864,"minecraft:walk_one_cm":897893,"minecraft:drop":49,"minecraft:talked_to_villager":3,"minecraft:play_time":473663,"minecraft:sneak_time":39100,"minecraft:jump":1108,"minecraft:walk_on_water_one_cm":869,"minecraft:total_world_time":473663,"minecraft:interact_with_furnace":65,"tombstone:raider_killed":3,"minecraft:sleep_in_bed":8,"minecraft:time_since_rest":26206,"minecraft:damage_taken":560,"minecraft:damage_dealt":2199,"minecraft:fly_one_cm":7049,"minecraft:open_chest":250,"minecraft:crouch_one_cm":84963,"tombstone:undead_killed":3,"tombstone:villager_killed":2,"minecraft:fall_one_cm":83197},"minecraft:crafted":{"minecraft:coarse_dirt":183,"minecraft:oak_planks":88,"minecraft:stone_shovel":9,"minecraft:cobbled_deepslate":104,"minecraft:furnace":2,"alltheores:silver_ore":15,"ironfurnaces:iron_furnace":1,"croptopia:toast":1,"exdeorum:diamond_mesh":9,"allthecompressed:cobblestone_1x":173,"allthecompressed:cobbled_deepslate_1x":3,"alltheores:osmium_ore":12,"allthecompressed:gravel_1x":6,"minecraft:granite":164,"minecraft:basalt":103,"alltheores:tin_ore":27,"alltheores:aluminum_ore":14,"alltheores:nickel_ore":21,"silentgear:rough_rod":5,"exdeorum:string_mesh":9,"minecraft:stone_pickaxe":1,"allthecompressed:andesite_1x":9,"allthecompressed:diorite_1x":6,"minecraft:chest":6,"minecraft:oak_button":20,"minecraft:oak_fence":4,"exdeorum:stone_hammer":18,"exdeorum:iron_mesh":9,"minecraft:coal_block":16,"exdeorum:golden_mesh":9,"minecraft:tuff":11,"minecraft:oak_slab":63,"allthecompressed:granite_1x":11,"minecraft:diamond_sword":1,"exdeorum:oak_barrel":2,"minecraft:crafting_table":1,"alltheores:zinc_ore":15,"minecraft:calcite":11,"minecraft:gold_ore":26,"pickletweaks:flint_shears":1,"minecraft:gravel":2,"allthecompressed:tuff_1x":1,"minecraft:polished_granite":4,"exdeorum:compressed_stone_hammer":5,"minecraft:copper_ore":33,"minecraft:bucket":1,"minecraft:diorite":117,"minecraft:air":3484,"alltheores:lead_ore":18,"exdeorum:crook":3,"exdeorum:oak_crucible":1,"minecraft:white_wool":3,"minecraft:wooden_hoe":10,"minecraft:cobblestone":769,"exdeorum:flint_mesh":9,"minecraft:stick":25,"minecraft:iron_ingot":53,"minecraft:blackstone":108,"minecraft:wooden_axe":5,"minecraft:stone_sword":1,"minecraft:iron_ore":53,"minecraft:gold_ingot":35,"exdeorum:oak_sieve":9,"minecraft:white_bed":1,"allthecompressed:blackstone_1x":5,"minecraft:andesite":145,"minecraft:lapis_block":11},"minecraft:used":{"minecraft:oak_fence":8,"minecraft:stone_sword":14,"minecraft:stone_shovel":708,"allthecompressed:blackstone_1x":5,"minecraft:chest":9,"exdeorum:crook":340,"allthecompressed:cobblestone_1x":172,"minecraft:torch":24,"minecraft:dirt":414,"exdeorum:silk_worm":2,"minecraft:granite":52,"minecraft:wooden_axe":215,"exdeorum:crushed_deepslate":90,"ironfurnaces:iron_furnace":2,"allthecompressed:diorite_1x":6,"minecraft:basalt":2,"exdeorum:stone_hammer":360,"minecraft:oak_sapling":31,"minecraft:furnace":2,"minecraft:cooked_beef":6,"minecraft:cobbled_deepslate":63,"exdeorum:oak_sieve":48,"minecraft:wheat_seeds":20,"minecraft:water_bucket":2,"minecraft:diorite":58,"minecraft:stone_pickaxe":9,"minecraft:cactus":6,"minecraft:blackstone":59,"allthecompressed:andesite_1x":9,"minecraft:sand":53,"minecraft:oak_slab":287,"minecraft:crafting_table":2,"botania:lime_petal":1,"exdeorum:crushed_blackstone":105,"minecraft:white_bed":1,"minecraft:wooden_hoe":750,"exdeorum:oak_barrel":2,"allthecompressed:granite_1x":11,"allthecompressed:gravel_1x":5,"minecraft:polished_granite":1,"minecraft:gravel":1632,"minecraft:pink_petals":1,"allthecompressed:cobbled_deepslate_1x":3,"exdeorum:oak_crucible":1,"minecraft:cobblestone":120,"minecraft:andesite":4,"exdeorum:compressed_stone_hammer":213,"minecraft:coarse_dirt":712},"minecraft:dropped":{"minecraft:oak_slab":8,"exdeorum:deepslate_pebble":1,"exdeorum:zinc_ore_chunk":9,"minecraft:cobblestone":31,"exdeorum:oak_sieve":3,"everlastingabilities:ability_bottle":1,"exdeorum:osmium_ore_chunk":6,"minecraft:coal":40,"minecraft:stick":3,"minecraft:emerald":6,"exdeorum:gold_ore_chunk":6,"minecraft:amethyst_shard":10,"exdeorum:lead_ore_chunk":12,"minecraft:raw_iron":1,"exdeorum:silver_ore_chunk":1,"minecraft:oak_button":20,"exdeorum:aluminum_ore_chunk":13,"alltheores:lead_ore":36,"minecraft:polished_granite":3},"minecraft:picked_up":{"exdeorum:gold_ore_chunk":118,"exdeorum:mycelium_spores":6,"minecraft:crafting_table":1,"minecraft:coarse_dirt":16,"minecraft:wheat":21,"exdeorum:dust":2,"minecraft:lead":4,"exdeorum:iron_ore_chunk":235,"exdeorum:blackstone_pebble":719,"exdeorum:grass_seeds":12,"minecraft:string":105,"exdeorum:granite_pebble":688,"exdeorum:string_mesh":10,"exdeorum:golden_mesh":9,"minecraft:sea_pickle":4,"mysticalagriculture:inferium_essence":1,"exdeorum:iron_mesh":10,"exdeorum:zinc_ore_chunk":84,"minecraft:iron_nugget":6,"minecraft:sugar_cane":12,"minecraft:chest":3,"minecraft:phantom_membrane":1,"minecraft:furnace":1,"minecraft:stick":40,"minecraft:raw_iron":1,"exdeorum:platinum_ore_chunk":2,"minecraft:torch":15,"exdeorum:tuff_pebble":43,"minecraft:pointed_dripstone":39,"minecraft:carrot":14,"minecraft:black_dye":5,"exdeorum:silk_worm":3,"minecraft:cactus":9,"exdeorum:diorite_pebble":691,"alltheores:lead_ore":36,"exdeorum:tin_ore_chunk":150,"everlastingabilities:ability_bottle":4,"exdeorum:andesite_pebble":636,"ars_nouveau:sourceberry_bush":1,"exdeorum:crushed_deepslate":90,"minecraft:cobblestone":99,"exdeorum:osmium_ore_chunk":77,"minecraft:pink_petals":1,"exdeorum:basalt_pebble":651,"minecraft:basalt":1,"minecraft:magma_cream":10,"minecraft:leather":4,"minecraft:potato":17,"minecraft:flint":317,"minecraft:oak_log":102,"minecraft:ancient_debris":3,"minecraft:gunpowder":9,"minecraft:lapis_lazuli":141,"minecraft:dirt":752,"exdeorum:nickel_ore_chunk":132,"minecraft:apple":4,"minecraft:raw_gold":9,"minecraft:kelp":7,"exdeorum:stone_pebble":3176,"minecraft:wheat_seeds":79,"exdeorum:oak_sieve":42,"minecraft:bamboo":4,"ironfurnaces:iron_furnace":1,"exdeorum:crushed_blackstone":105,"minecraft:oak_slab":23,"exdeorum:deepslate_pebble":617,"minecraft:sweet_berries":4,"exdeorum:lead_ore_chunk":123,"ae2:certus_quartz_crystal":1,"minecraft:poisonous_potato":9,"exdeorum:flint_mesh":10,"minecraft:gravel":2011,"minecraft:sand":54,"minecraft:amethyst_shard":89,"minecraft:dead_bush":1,"exdeorum:silver_ore_chunk":112,"minecraft:pumpkin_seeds":15,"minecraft:clay":2,"exdeorum:aluminum_ore_chunk":112,"minecraft:diamond":38,"exdeorum:calcite_pebble":44,"exdeorum:uranium_ore_chunk":3,"exdeorum:copper_ore_chunk":162,"minecraft:emerald":30,"minecraft:oak_sapling":38,"minecraft:melon_seeds":15,"minecraft:coal":279,"minecraft:oak_leaves":3},"minecraft:broken":{"exdeorum:crook":2},"minecraft:killed":{"minecraft:phantom":3,"minecraft:wandering_trader":2,"minecraft:trader_llama":4},"minecraft:mined":{"allthecompressed:blackstone_1x":5,"minecraft:oak_sapling":4,"minecraft:farmland":30,"minecraft:granite":52,"minecraft:grass_block":65,"exdeorum:crushed_blackstone":1,"allthecompressed:diorite_1x":6,"minecraft:furnace":1,"minecraft:cobbled_deepslate":63,"minecraft:andesite":4,"botania:lime_double_flower":1,"minecraft:dirt_path":1,"allthecompressed:andesite_1x":9,"exdeorum:oak_sieve":39,"minecraft:oak_slab":102,"minecraft:blackstone":59,"exdeorum:infested_leaves":206,"minecraft:basalt":1,"ironfurnaces:iron_furnace":1,"allthecompressed:cobbled_deepslate_1x":3,"minecraft:crafting_table":1,"minecraft:torch":10,"allthecompressed:gravel_1x":5,"minecraft:chest":3,"minecraft:cobblestone":119,"minecraft:diorite":58,"minecraft:wall_torch":1,"minecraft:cactus":3,"minecraft:coarse_dirt":16,"minecraft:wheat":17,"allthecompressed:granite_1x":11,"minecraft:oak_log":32,"minecraft:gravel":5,"minecraft:sand":6,"minecraft:dirt":659,"allthecompressed:cobblestone_1x":172,"minecraft:oak_leaves":142}},"DataVersion":3465}