{"stats":{"minecraft:custom":{"minecraft:interact_with_crafting_table":437,"minecraft:leave_game":18,"minecraft:time_since_death":236325,"minecraft:damage_resisted":0,"minecraft:sprint_one_cm":237245,"minecraft:drop":95,"minecraft:talked_to_villager":25,"minecraft:play_time":913757,"minecraft:deaths":1,"minecraft:jump":2293,"minecraft:walk_on_water_one_cm":4766,"minecraft:interact_with_furnace":278,"minecraft:traded_with_villager":29,"minecraft:sleep_in_bed":16,"minecraft:damage_dealt":4838,"minecraft:crouch_one_cm":293913,"tombstone:undead_killed":7,"tombstone:villager_killed":4,"minecraft:horse_one_cm":13881,"minecraft:mob_kills":20,"minecraft:inspect_hopper":34,"minecraft:damage_dealt_resisted":0,"minecraft:climb_one_cm":8566,"minecraft:walk_one_cm":1081521,"minecraft:sneak_time":60136,"minecraft:walk_under_water_one_cm":3440,"minecraft:total_world_time":913757,"tombstone:raider_killed":5,"minecraft:time_since_rest":52542,"minecraft:damage_taken":5819,"minecraft:use_wand":941,"minecraft:fly_one_cm":194077,"minecraft:open_chest":2287,"minecraft:fall_one_cm":64692},"minecraft:crafted":{"pipez:basic_upgrade":1,"powah:magmator_basic":2,"minecraft:oak_planks":264,"sophisticatedstorage:stack_upgrade_tier_1_plus":3,"mob_grinding_utils:gm_chicken_feed_cursed":1,"refinedstorage:4k_storage_disk":5,"mekanism:configurator":1,"forbidden_arcanus:artisan_relic":1,"minecraft:oak_pressure_plate":3,"pipez:improved_upgrade":1,"pipez:item_pipe":16,"minecraft:sand":65,"minecraft:zombie_head":5,"alltheores:silver_ore":45,"refinedstorage:controller":1,"minecraft:stone":48,"exdeorum:unfired_porcelain_crucible":2,"minecraft:lever":9,"sophisticatedstorage:stack_upgrade_tier_1":3,"allthecompressed:cobbled_deepslate_1x":1,"pipez:fluid_pipe":16,"enderio:energetic_photovoltaic_module":1,"alltheores:osmium_ore":28,"minecraft:iron_bars":16,"minecraft:granite":47,"minecraft:green_dye":7,"alltheores:tin_ingot":5,"mekanism:basic_tier_installer":4,"mysticalagriculture:prosperity_seed_base":2,"minecraft:glass":209,"minecraft:hopper":11,"thermal:dynamo_magmatic":1,"alltheores:osmium_dust":9,"minecraft:diamond_leggings":2,"refinedstorage:crafting_grid":1,"alltheores:silver_ingot":59,"alltheores:aluminum_ore":40,"alltheores:zinc_ingot":44,"alltheores:nickel_ore":47,"refinedstorage:4k_storage_part":5,"refinedstorage:grid":1,"minecraft:cyan_terracotta":2,"rftoolsutility:crafter1":2,"allthecompressed:sand_1x":246,"enderio:primitive_alloy_smelter":1,"powah:magmator_starter":2,"minecraft:chest":25,"minecraft:copper_block":8,"refinedstorage:processor_binding":48,"mekanism:basic_fluid_tank":3,"mob_grinding_utils:absorption_hopper":1,"alltheores:invar_gear":1,"refinedstorage:disk_drive":1,"minecraft:oak_fence":12,"minecraft:ender_eye":3,"alltheores:steel_dust":42,"minecraft:stone_bricks":141,"exdeorum:stone_hammer":13,"mekanism:energy_tablet":9,"exdeorum:porcelain_crucible":1,"refinedstorage:raw_advanced_processor":3,"mysticalagriculture:inferium_gemstone":1,"integrateddynamics:squeezer":1,"minecraft:dropper":2,"rftoolspower:coalgenerator":2,"minecraft:oak_slab":10,"minecraft:deepslate":7,"enderio:basic_capacitor":2,"exdeorum:oak_barrel":5,"minecraft:crafting_table":10,"minecraft:spruce_planks":35,"minecraft:gold_ore":43,"refinedstorage:storage_housing":5,"minecraft:gravel":1,"constructionwand:iron_wand":2,"mekanism:upgrade_filter":1,"minecraft:red_wool":11,"minecraft:copper_ingot":73,"craftingstation:crafting_station":1,"minecraft:diorite":42,"cobblefordays:tier_1":3,"sophisticatedstorage:compression_upgrade":1,"alltheores:lead_ore":35,"rftoolsutility:crafter2":1,"exdeorum:oak_crucible":1,"mekanism:steel_casing":8,"exdeorum:flint_mesh":9,"constructionwand:stone_wand":4,"rftoolsutility:crafter3":1,"minecraft:stick":54,"minecraft:stone_slab":31,"mekanism:crusher":3,"minecraft:iron_ingot":135,"minecraft:iron_pickaxe":1,"minecraft:iron_block":10,"minecraft:iron_ore":164,"minecraft:gold_ingot":58,"exdeorum:oak_sieve":9,"minecraft:redstone_torch":21,"mekanism:advanced_fluid_tank":1,"refinedstorage:machine_casing":4,"minecraft:fire_charge":6,"powah:capacitor_basic_tiny":4,"mekanism:basic_logistical_transporter":16,"exmachinis:flux_sieve":2,"pipez:advanced_upgrade":1,"minecraft:coarse_dirt":16,"minecraft:oak_door":3,"mekanism:basic_universal_cable":18,"minecraft:redstone":3,"powah:dielectric_casing":4,"pickletweaks:flint_leggings":1,"rftoolsbase:machine_frame":4,"mekanismgenerators:wind_generator":3,"alltheores:aluminum_ingot":62,"minecraft:iron_nugget":1,"minecraft:spruce_button":1,"minecraft:cobbled_deepslate":33,"mysticalagriculture:infusion_pedestal":8,"sophisticatedstorage:iron_chest":2,"mekanism:energized_smelter":1,"exmachinis:gold_upgrade":6,"minecraft:furnace":13,"minecraft:stone_button":1,"alltheores:gold_dust":21,"minecraft:piston":2,"mekanism:advanced_tier_installer":1,"minecraft:bone_meal":1,"refinedstorage:quartz_enriched_iron":88,"allthecompressed:cobblestone_1x":768,"minecraft:glass_pane":1,"allthecompressed:gravel_1x":285,"sophisticatedstorage:copper_chest":1,"alltheores:copper_ore_hammer":1,"refinedstorage:destruction_core":2,"minecraft:basalt":26,"minecraft:terracotta":24,"enderio:photovoltaic_composite":9,"sophisticatedstorage:upgrade_base":4,"alltheores:tin_ore":180,"minecraft:iron_axe":1,"exdeorum:string_mesh":9,"minecraft:ladder":6,"minecraft:slime_ball":5,"minecraft:stone_pickaxe":8,"allthecompressed:andesite_1x":1,"allthecompressed:diorite_1x":1,"mysticalagriculture:nature_agglomeratio":4,"alltheores:steel_ingot":24,"minecraft:spruce_sapling":4,"minecraft:redstone_block":22,"exdeorum:iron_mesh":9,"functionalstorage:oak_1":1,"powah:dielectric_rod_horizontal":8,"sophisticatedstorage:copper_to_iron_tier_upgrade":1,"refinedstorage:1k_storage_part":15,"minecraft:coal_block":41,"powah:dielectric_paste":528,"minecraft:red_dye":11,"mysticalagriculture:prudentium_essence":4,"exdeorum:golden_mesh":2,"mysticalagriculture:inferium_seeds":1,"exdeorum:stone_barrel":4,"allthecompressed:granite_1x":1,"matc:inferium_crystal":1,"summoningrituals:altar":1,"minecraft:diamond_sword":2,"minecraft:cyan_dye":1,"alltheores:osmium_ingot":22,"exdeorum:diamond_hammer":1,"mekanism:metallurgic_infuser":1,"pickletweaks:flint_sword":1,"alltheores:nickel_ingot":64,"alltheores:zinc_ore":40,"darkutils:vector_plate_ultra":4,"pickletweaks:flint_shears":2,"sophisticatedstorage:iron_to_gold_tier_upgrade":3,"mob_grinding_utils:spikes":2,"alltheores:invar_ingot":9,"minecraft:iron_sword":8,"mekanism:superheating_element":2,"minecraft:grass_block":40,"minecraft:dirt":48,"ae2:silicon":9,"sophisticatedstorage:basic_to_iron_tier_upgrade":1,"exdeorum:compressed_stone_hammer":23,"minecraft:bucket":7,"minecraft:copper_ore":279,"refinedstorage:raw_improved_processor":2,"minecraft:red_carpet":3,"mob_grinding_utils:saw":1,"mob_grinding_utils:xp_tap":1,"minecraft:air":4034,"exdeorum:crook":4,"mekanism:upgrade_speed":4,"mysticalagriculture:prosperity_gemstone":1,"minecraft:blue_dye":9,"exdeorum:porcelain_clay_ball":14,"powah:dielectric_rod":8,"sophisticatedstorage:chest":2,"minecraft:white_wool":17,"minecraft:cobblestone":167,"sophisticatedstorage:basic_to_copper_tier_upgrade":3,"mekanism:basic_energy_cube":1,"minecraft:gold_nugget":11,"pickletweaks:flint_boots":1,"mekanism:enrichment_chamber":1,"mekanism:upgrade_energy":20,"sophisticatedstorage:iron_to_diamond_tier_upgrade":1,"refinedstorage:raw_basic_processor":31,"pickletweaks:flint_chestplate":1,"minecraft:blackstone":23,"minecraft:wooden_axe":3,"mysticalagriculture:infusion_altar":1,"minecraft:iron_shovel":1,"refinedstorage:construction_core":2,"mekanism:advanced_control_circuit":2,"mekanism:basic_mechanical_pipe":1,"pickletweaks:flint_helmet":1,"alltheores:iron_dust":34,"minecraft:white_bed":1,"powah:capacitor_basic":8,"exmachinis:flux_hammer":1,"minecraft:andesite":46,"refinedstorage:disk_manipulator":1,"minecraft:torch":6,"cookingforblockheads:sink":1,"thermal:rf_coil":1,"mob_grinding_utils:fan":7},"minecraft:used":{"minecraft:iron_shovel":154,"minecraft:poppy":3,"minecraft:ladder":4,"mekanism:basic_fluid_tank":2,"rftoolspower:coalgenerator":2,"minecraft:chest":36,"minecraft:stone":2,"mysticalagriculture:infusion_altar":1,"allthecompressed:cobblestone_1x":765,"mekanism:basic_logistical_transporter":12,"minecraft:soul_sand":157,"constructionwand:iron_wand":65,"mekanism:basic_mechanical_pipe":19,"refinedstorage:controller":1,"mekanism:basic_universal_cable":34,"minecraft:glass":1,"mekanism:basic_energy_cube":2,"mekanism:advanced_fluid_tank":1,"mysticalagriculture:inferium_seeds":1,"integrateddynamics:squeezer":2,"minecraft:lava_bucket":5,"minecraft:grass_block":27,"mekanismgenerators:wind_generator":7,"minecraft:stone_bricks":149,"mekanism:basic_tier_installer":4,"summoningrituals:altar":1,"pipez:item_pipe":7,"minecraft:oak_sapling":46,"minecraft:furnace":9,"minecraft:potato":6,"refinedstorage:disk_drive":1,"minecraft:diorite":28,"minecraft:stone_pickaxe":643,"minecraft:oak_planks":368,"mob_grinding_utils:xp_tap":1,"minecraft:cactus":12,"minecraft:clay":12,"minecraft:sugar_cane":3,"rftoolsutility:crafter3":1,"minecraft:sand":35,"powah:magmator_basic":2,"enderio:primitive_alloy_smelter":1,"sophisticatedstorage:iron_to_diamond_tier_upgrade":1,"mekanism:superheating_element":2,"mob_grinding_utils:saw":5,"sophisticatedstorage:iron_to_gold_tier_upgrade":2,"minecraft:lever":23,"exdeorum:oak_barrel":7,"mekanism:crusher":7,"allthecompressed:granite_1x":1,"enderio:energetic_photovoltaic_module":4,"mekanism:metallurgic_infuser":2,"minecraft:stone_button":1,"sophisticatedstorage:basic_to_iron_tier_upgrade":1,"minecraft:gravel":4400,"exmachinis:flux_hammer":3,"minecraft:diamond_sword":31,"exdeorum:oak_crucible":1,"mob_grinding_utils:fan":19,"functionalstorage:oak_1":2,"minecraft:andesite":14,"exdeorum:compressed_stone_hammer":1304,"exmachinis:flux_sieve":5,"minecraft:coarse_dirt":64,"minecraft:bone_meal":35,"exdeorum:mycelium_spores":1,"cookingforblockheads:sink":3,"mekanism:advanced_tier_installer":1,"minecraft:oak_fence":13,"mekanism:enrichment_chamber":2,"mekanism:configurator":74,"minecraft:redstone":1,"minecraft:spruce_planks":52,"exdeorum:crook":448,"minecraft:netherrack":1,"minecraft:oak_door":1,"minecraft:torch":56,"minecraft:dirt":131,"minecraft:hopper":19,"exdeorum:silk_worm":5,"minecraft:granite":15,"mysticalagriculture:infusion_pedestal":9,"minecraft:wooden_axe":199,"minecraft:iron_hoe":25,"mob_grinding_utils:rotten_egg":1,"minecraft:iron_axe":140,"minecraft:spruce_button":1,"exdeorum:crushed_deepslate":26,"exdeorum:porcelain_crucible":6,"allthecompressed:diorite_1x":1,"cobblefordays:tier_1":3,"exdeorum:stone_hammer":332,"tombstone:gift":2,"minecraft:cooked_beef":23,"minecraft:cobbled_deepslate":17,"sophisticatedstorage:basic_to_copper_tier_upgrade":1,"pipez:fluid_pipe":1,"exdeorum:oak_sieve":17,"minecraft:water_bucket":13,"minecraft:iron_ore":5,"allthecompressed:andesite_1x":1,"pickletweaks:flint_sword":38,"minecraft:crafting_table":2,"minecraft:oak_slab":19,"constructionwand:stone_wand":79,"minecraft:white_bed":2,"refinedstorage:disk_manipulator":2,"exdeorum:stone_barrel":7,"minecraft:oak_log":5,"mysticalagriculture:dirt_seeds":2,"exdeorum:dust":2190,"minecraft:wooden_hoe":177,"minecraft:apple":1,"craftingstation:crafting_station":1,"mysticalagriculture:fertilized_essence":1,"sophisticatedstorage:copper_to_iron_tier_upgrade":1,"allthecompressed:sand_1x":248,"refinedstorage:crafting_grid":1,"minecraft:sunflower":1,"minecraft:iron_pickaxe":53,"allthecompressed:gravel_1x":351,"rftoolsutility:crafter1":1,"mob_grinding_utils:absorption_hopper":1,"mekanism:energized_smelter":1,"minecraft:spruce_sapling":4,"thermal:dynamo_magmatic":2,"allthecompressed:cobbled_deepslate_1x":1,"minecraft:cobblestone":872,"sophisticatedstorage:iron_chest":2,"minecraft:bucket":31},"minecraft:dropped":{"minecraft:iron_sword":1,"tombstone:christmas_gift":2,"exdeorum:copper_ore_chunk":3,"pickletweaks:flint_shears":1,"minecraft:crossbow":4,"exdeorum:gold_ore_chunk":1,"minecraft:red_mushroom":1,"powah:dielectric_paste":64,"mekanism:basic_logistical_transporter":7,"minecraft:amethyst_shard":1,"minecraft:bone":15,"minecraft:blaze_powder":2,"pickletweaks:flint_boots":1,"minecraft:chainmail_chestplate":5,"minecraft:turtle_helmet":1,"minecraft:leather_boots":1,"minecraft:chainmail_boots":3,"pickletweaks:flint_helmet":2,"minecraft:golden_boots":1,"mekanism:upgrade_energy":1,"minecraft:poisonous_potato":2,"pickletweaks:flint_chestplate":1,"minecraft:iron_helmet":3,"minecraft:cobblestone":355,"cobblefordays:tier_1":1,"minecraft:coal":30,"minecraft:potion":1,"minecraft:iron_leggings":2,"minecraft:iron_axe":1,"minecraft:cactus":3,"minecraft:chainmail_leggings":2,"minecraft:string":12,"minecraft:redstone":1,"alltheores:nickel_dust":8,"thermal:amaranth_seeds":1,"exdeorum:oak_barrel":1,"minecraft:iron_boots":1,"minecraft:shield":1,"minecraft:iron_chestplate":1,"exdeorum:tin_ore_chunk":1,"minecraft:stone":44,"exdeorum:aluminum_ore_chunk":3,"minecraft:golden_leggings":1,"mekanismtools:refined_glowstone_leggings":2,"minecraft:bow":19,"minecraft:stone_pickaxe":1,"forcecraft:green_chu_jelly":3,"exdeorum:stone_hammer":2},"minecraft:picked_up":{"exdeorum:mycelium_spores":1,"exdeorum:dust":2229,"minecraft:prismarine_shard":1,"minecraft:lead":12,"minecraft:diamond_sword":2,"mysticalagriculture:dirt_essence":39,"exdeorum:iron_ore_chunk":617,"exdeorum:grass_seeds":6,"minecraft:string":210,"enderio:energetic_photovoltaic_module":2,"thermal:barley_seeds":3,"minecraft:iron_leggings":1,"alltheores:silver_ore":45,"minecraft:sea_pickle":2,"cobblefordays:tier_1":1,"mysticalagriculture:inferium_essence":65,"mekanism:basic_universal_cable":9,"reliquary:zombie_heart":2,"minecraft:spruce_planks":1,"alltheores:lead_ingot":60,"xycraft_world:xychorium_gem_green":100,"thermal:spinach_seeds":2,"pipez:improved_upgrade":1,"minecraft:furnace":6,"mekanism:basic_logistical_transporter":10,"minecraft:stick":89,"exdeorum:oak_crucible":1,"thermal:sadiroot_seeds":1,"minecraft:oak_fence":2,"minecraft:torch":38,"mysticalagriculture:prosperity_shard":27,"mysticalagriculture:inferium_seeds":1,"minecraft:pointed_dripstone":77,"mob_grinding_utils:saw":3,"tombstone:grave_dust":2,"minecraft:diorite":16,"thermal:apatite":1,"minecraft:cactus":42,"minecraft:rotten_flesh":52,"thermal:corn_seeds":1,"exdeorum:tin_ore_chunk":368,"minecraft:obsidian":4,"minecraft:blaze_powder":140,"minecraft:cobblestone":866,"exdeorum:osmium_ore_chunk":177,"occultism:datura_seeds":4,"minecraft:pink_petals":4,"minecraft:feather":4,"exdeorum:stone_barrel":3,"exdeorum:basalt_pebble":104,"enderio:primitive_alloy_smelter":1,"enderio:grains_of_infinity":219,"minecraft:potato":26,"minecraft:flint":703,"mysticalagriculture:dirt_seeds":2,"minecraft:dirt":155,"minecraft:lapis_lazuli":339,"exdeorum:nickel_ore_chunk":279,"powah:dielectric_paste":64,"xycraft_world:xychorium_storage_dark":5,"minecraft:bone":53,"minecraft:bow":2,"minecraft:wheat_seeds":23,"everlastingabilities:ability_totem":1,"minecraft:bamboo":2,"alltheores:tin_ore":60,"minecraft:glowstone_dust":228,"alltheores:nickel_ore":47,"minecraft:oak_planks":29,"minecraft:ghast_tear":8,"mekanism:metallurgic_infuser":1,"thermal:bell_pepper_seeds":1,"mekanism:upgrade_energy":1,"patchouli:guide_book":1,"mysticalagriculture:nature_essence":12,"xycraft_world:xychorium_gem_red":117,"exmachinis:flux_hammer":2,"ae2:certus_quartz_crystal":1,"minecraft:poisonous_potato":4,"exdeorum:flint_mesh":10,"minecraft:sand":2629,"integrateddynamics:squeezer":2,"alltheores:osmium_ore":10,"xycraft_world:xychorium_gem_dark":92,"mob_grinding_utils:fan":12,"mekanism:basic_mechanical_pipe":12,"xycraft_world:xychorium_gem_light":114,"minecraft:clay":77,"minecraft:diamond":47,"constructionwand:stone_wand":1,"minecraft:lever":14,"thermal:eggplant_seeds":2,"minecraft:grass":4,"minecraft:bone_meal":257,"exdeorum:copper_ore_chunk":517,"minecraft:emerald":36,"minecraft:oak_sapling":133,"minecraft:oak_leaves":96,"exdeorum:gold_ore_chunk":259,"functionalstorage:oak_1":1,"alltheores:steel_ingot":10,"minecraft:crafting_table":2,"minecraft:azure_bluet":3,"minecraft:nether_wart":6,"minecraft:clay_ball":48,"minecraft:brown_mushroom":15,"exdeorum:oak_barrel":7,"minecraft:cornflower":5,"mysticalagriculture:infusion_pedestal":1,"alltheores:nickel_dust":4,"exdeorum:blackstone_pebble":93,"minecraft:iron_axe":1,"exdeorum:granite_pebble":188,"exdeorum:string_mesh":8,"exdeorum:golden_mesh":1,"exdeorum:iron_mesh":14,"exdeorum:zinc_ore_chunk":241,"minecraft:iron_nugget":151,"minecraft:poppy":17,"alltheores:aluminum_ore":40,"minecraft:sugar_cane":12,"minecraft:chest":28,"minecraft:phantom_membrane":3,"minecraft:copper_ore":53,"minecraft:stone":44,"minecraft:raw_iron":21,"thermal:dynamo_magmatic":1,"mysticalagriculture:nature_seeds":1,"reliquary:rib_bone":1,"exdeorum:porcelain_crucible":4,"minecraft:copper_ingot":8,"pipez:item_pipe":1,"minecraft:stone_button":1,"mekanism:basic_energy_cube":1,"minecraft:carrot":6,"minecraft:redstone":226,"exmachinis:flux_sieve":3,"mekanism:crusher":5,"exdeorum:silk_worm":12,"thermal:peanut_seeds":1,"tombstone:christmas_gift":2,"ae2:certus_quartz_dust":155,"xycraft_world:xychorium_gem_blue":99,"exdeorum:diorite_pebble":170,"alltheores:lead_ore":35,"xycraft_world:xychorium_storage_light":5,"exdeorum:andesite_pebble":191,"minecraft:gold_ingot":24,"alltheores:raw_osmium":2,"exdeorum:crushed_deepslate":26,"minecraft:oxeye_daisy":7,"refinedstorage:disk_manipulator":1,"mysticalagriculture:fertilized_essence":6,"minecraft:leather":10,"minecraft:red_mushroom":34,"forcecraft:force_gem":113,"minecraft:oak_log":274,"minecraft:chainmail_chestplate":1,"powah:dielectric_rod":6,"minecraft:gunpowder":333,"mekanism:enrichment_chamber":1,"mekanism:salt":338,"ae2:sky_dust":151,"minecraft:apple":12,"minecraft:stone_bricks":4,"minecraft:kelp":5,"exdeorum:oak_sieve":11,"exdeorum:stone_pebble":657,"minecraft:iron_ingot":32,"minecraft:stone_pickaxe":2,"thermal:tomato_seeds":1,"minecraft:soul_sand":220,"minecraft:oak_slab":19,"allthecompressed:sand_1x":1,"exdeorum:deepslate_pebble":134,"minecraft:pumpkin":5,"exdeorum:lead_ore_chunk":218,"allthecompressed:gravel_1x":65,"minecraft:quartz":24,"minecraft:dandelion":28,"minecraft:gravel":7235,"minecraft:amethyst_shard":181,"minecraft:spruce_sapling":16,"thermal:green_bean_seeds":1,"minecraft:white_bed":1,"alltheores:zinc_ore":18,"minecraft:spruce_log":89,"exdeorum:silver_ore_chunk":253,"minecraft:spider_eye":8,"xycraft_world:xychorium_storage_red":5,"thermal:rice_seeds":1,"mekanismgenerators:wind_generator":4,"forbidden_arcanus:arcane_crystal":107,"cookingforblockheads:sink":2,"minecraft:pumpkin_seeds":3,"exdeorum:aluminum_ore_chunk":253,"immersiveengineering:seed":37,"mekanism:fluorite_gem":1,"minecraft:melon_seeds":4,"thermal:amaranth_seeds":3,"minecraft:coal":794,"minecraft:hopper":12,"minecraft:sunflower":1},"minecraft:broken":{"constructionwand:iron_wand":2,"constructionwand:stone_wand":3,"exdeorum:crook":2},"minecraft:killed":{"minecraft:spider":3,"minecraft:creeper":1,"minecraft:trader_llama":5,"minecraft:zombie":2,"minecraft:phantom":5,"minecraft:wandering_trader":4},"minecraft:mined":{"mekanismgenerators:wind_generator":3,"minecraft:spruce_planks":1,"minecraft:white_bed":1,"minecraft:oak_sapling":1,"minecraft:farmland":10,"minecraft:granite":15,"minecraft:grass_block":32,"integrateddynamics:squeezer":2,"minecraft:hopper":17,"minecraft:oxeye_daisy":7,"cobblefordays:tier_1":1,"allthecompressed:sand_1x":248,"minecraft:iron_ore":5,"minecraft:cobbled_deepslate":17,"minecraft:pumpkin":5,"minecraft:azure_bluet":3,"mekanism:basic_logistical_transporter":2,"exdeorum:oak_sieve":11,"mob_grinding_utils:fan":12,"enderio:primitive_alloy_smelter":1,"exmachinis:flux_hammer":2,"refinedstorage:disk_manipulator":1,"allthecompressed:cobbled_deepslate_1x":1,"minecraft:clay":12,"minecraft:torch":14,"mysticalagriculture:inferium_crop":1,"minecraft:poppy":1,"minecraft:chest":31,"minecraft:mushroom_stem":16,"minecraft:cobblestone":707,"minecraft:sugar_cane":7,"minecraft:oak_planks":64,"minecraft:wall_torch":2,"exdeorum:stone_barrel":3,"minecraft:pumpkin_stem":1,"minecraft:grass":249,"allthecompressed:granite_1x":1,"minecraft:oak_log":50,"exdeorum:oak_barrel":7,"minecraft:sand":18,"minecraft:dirt":128,"allthecompressed:cobblestone_1x":765,"mekanism:basic_universal_cable":5,"minecraft:red_mushroom_block":89,"mysticalagriculture:infusion_pedestal":1,"minecraft:oak_leaves":170,"exdeorum:oak_crucible":1,"mekanism:basic_mechanical_pipe":11,"functionalstorage:oak_1":1,"minecraft:lever":6,"minecraft:stone_button":1,"minecraft:redstone_wire":1,"minecraft:brown_mushroom_block":45,"minecraft:red_mushroom":1,"cb_multipart:multipart":1,"allthecompressed:diorite_1x":1,"minecraft:furnace":6,"thermal:dynamo_magmatic":1,"minecraft:andesite":14,"enderio:energetic_photovoltaic_module":2,"allthecompressed:andesite_1x":1,"minecraft:stone":2,"exdeorum:porcelain_crucible":4,"minecraft:podzol":48,"minecraft:oak_slab":19,"mekanism:crusher":5,"mob_grinding_utils:saw":4,"exdeorum:infested_leaves":382,"minecraft:dandelion":28,"pipez:item_pipe":1,"minecraft:oak_fence":2,"exmachinis:flux_sieve":3,"minecraft:crafting_table":2,"minecraft:cornflower":5,"allthecompressed:gravel_1x":351,"minecraft:tall_grass":51,"flowerpatch:poppy_patch":4,"mekanism:metallurgic_infuser":1,"minecraft:diorite":28,"minecraft:cactus":9,"cookingforblockheads:sink":2,"mysticalagriculture:dirt_crop":1,"minecraft:spruce_log":85,"minecraft:sunflower":1,"minecraft:gravel":27,"minecraft:stone_bricks":4}},"DataVersion":3465}